ReportType,FIELDName,FieldCode,OtherWaterAllocationDate,WaterBBL,WaterSuitable,WaterTreated,WaterTreatedDeOiling,WaterTreatedDisinfection,WaterTreatedDesalinization,WaterTreatedMembraneTreatment,WaterTreatedOtherTreatment,WaterinStorage,IntendedUseofWaterCode,WaterSourceName,WaterSourceType
OG110FQ,Aliso Canyon,010,2020-04-24 19:41:23.897000000,14159,Yes,,No,No,No,No,No,No,,,
OG110FQ,Aliso Canyon,010,2020-04-30 21:50:09.350000000,,No,,No,No,No,No,No,No,,,
OG110FQ,Aliso Canyon,010,2020-05-11 20:47:22.457000000,,No,,No,No,No,No,No,No,,,
OG110FQ,Aliso Canyon,010,2020-07-29 00:19:14.913000000,17614,Yes,,No,No,No,No,No,No,,,
OG110FQ,Aliso Canyon,010,2020-07-30 16:37:38.830000000,,No,,No,No,No,No,No,No,,,
OG110FQ,Aliso Canyon,010,2020-10-28 22:49:58.307000000,30739,Yes,,No,No,No,No,No,No,,,
OG110FQ,Aliso Canyon,010,2020-10-30 16:24:41.967000000,,No,,No,No,No,No,No,No,,,
OG110FQ,Aliso Canyon,010,2020-12-24 17:27:42.797000000,,No,,No,No,No,No,No,No,,,
OG110FQ,Aliso Canyon,010,2020-12-24 18:28:47.100000000,,No,,No,No,No,No,No,No,,,
OG110FQ,Aliso Canyon,010,2021-01-28 16:07:15.977000000,,No,,No,No,No,No,No,No,,,
OG110FQ,Aliso Canyon,010,2021-01-28 22:10:39.947000000,24007,Yes,,No,No,No,No,No,No,,,
OG110FQ,Aliso Canyon,010,2021-01-29 16:23:29.470000000,,No,,No,No,No,No,No,No,,,
OG110FQ,Any Field,000,2020-04-06 23:13:58.763000000,6504119,No,,No,No,No,No,No,No,01,,
OG110FQ,Any Field,000,2020-04-20 00:04:02.357000000,,No,,No,No,No,No,No,No,,,
OG110FQ,Any Field,000,2020-04-28 17:05:31.593000000,,No,,No,No,No,No,No,No,,,
OG110FQ,Any Field,000,2020-04-29 21:02:38.093000000,,No,,No,No,No,No,No,No,,,
OG110FQ,Any Field,000,2020-04-30 21:50:09.397000000,,No,,No,No,No,No,No,No,,,
OG110FQ,Any Field,000,2020-05-01 06:49:25.200000000,,No,,No,No,No,No,No,No,,,
OG110FQ,Any Field,000,2020-05-07 20:58:02.387000000,,No,,No,No,No,No,No,No,,,
OG110FQ,Any Field,000,2020-07-07 21:23:29.673000000,6643134,No,,No,No,No,No,No,No,01,,
OG110FQ,Any Field,000,2020-07-28 13:50:07.930000000,,No,,No,No,No,No,No,No,,,
OG110FQ,Any Field,000,2020-07-28 18:59:56.100000000,,No,,No,No,No,No,No,No,,,
OG110FQ,Any Field,000,2020-07-28 21:28:22.117000000,,No,,No,No,No,No,No,No,,,
OG110FQ,Any Field,000,2020-07-30 16:37:38.880000000,,No,,No,No,No,No,No,No,,,
OG110FQ,Any Field,000,2020-08-03 16:17:11.287000000,,No,,No,No,No,No,No,No,,,
OG110FQ,Any Field,000,2020-08-06 21:13:26.383000000,,No,,No,No,No,No,No,No,,,
OG110FQ,Any Field,000,2020-08-25 21:09:03.677000000,,No,,No,No,No,No,No,No,,,
OG110FQ,Any Field,000,2020-08-25 21:18:19.037000000,,No,,No,No,No,No,No,No,,,
OG110FQ,Any Field,000,2020-10-08 22:45:24.240000000,7983654,No,,No,No,No,No,No,No,01,,
OG110FQ,Any Field,000,2020-10-23 15:15:34.563000000,,No,,No,No,No,No,No,No,,,
OG110FQ,Any Field,000,2020-10-29 17:50:11.957000000,15,No,,No,No,No,No,No,No,05,,
OG110FQ,Any Field,000,2020-10-30 16:24:42.013000000,,No,,No,No,No,No,No,No,,,
OG110FQ,Any Field,000,2020-11-02 17:21:40.707000000,,No,,No,No,No,No,No,No,,,
OG110FQ,Any Field,000,2020-11-03 20:33:10.853000000,,No,,No,No,No,No,No,No,,,
OG110FQ,Any Field,000,2020-11-04 00:30:24.287000000,,No,,No,No,No,No,No,No,,,
OG110FQ,Any Field,000,2020-11-05 16:53:35.897000000,,No,,No,No,No,No,No,No,,,
OG110FQ,Any Field,000,2020-12-23 16:14:40.113000000,,No,,No,No,No,No,No,No,,,
OG110FQ,Any Field,000,2020-12-23 19:06:48.917000000,,No,,No,No,No,No,No,No,,,
OG110FQ,Any Field,000,2020-12-28 15:50:54.210000000,,No,,No,No,No,No,No,No,,,
OG110FQ,Any Field,000,2021-01-12 00:27:31.503000000,6192694,No,,No,No,No,No,No,No,01,,
OG110FQ,Any Field,000,2021-01-12 17:50:16.413000000,,No,,No,No,No,No,No,No,,,
OG110FQ,Any Field,000,2021-01-26 16:29:33.627000000,,No,,No,No,No,No,No,No,,,
OG110FQ,Any Field,000,2021-01-26 17:43:38.720000000,,No,,No,No,No,No,No,No,,,
OG110FQ,Any Field,000,2021-01-26 20:23:37.777000000,,No,,No,No,No,No,No,No,,,
OG110FQ,Any Field,000,2021-01-27 18:33:51.847000000,,No,,No,No,No,No,No,No,,,
OG110FQ,Any Field,000,2021-01-29 16:23:29.520000000,,No,,No,No,No,No,No,No,,,
OG110FQ,Any Field,000,2021-02-03 20:47:07.763000000,,No,,No,No,No,No,No,No,,,
OG110FQ,Any Field,000,2021-02-09 23:50:35.863000000,,No,,No,No,No,No,No,No,,,
OG110FQ,Arroyo Grande,028,2020-06-19 22:42:06.787000000,36400,No,,No,No,No,No,No,No,08,,
OG110FQ,Arroyo Grande,028,2020-07-30 21:21:53.600000000,36400,No,,No,No,No,No,No,No,08,,
OG110FQ,Arroyo Grande,028,2020-10-26 21:49:03.547000000,36800,No,,No,No,No,No,No,No,08,,
OG110FQ,Arroyo Grande,028,2021-02-25 16:28:36.773000000,36800,No,,No,No,No,No,No,No,08,,
OG110FQ,Asphalto,032,2020-04-13 21:31:32.370000000,40680,No,,No,No,No,No,No,No,,,
OG110FQ,Asphalto,032,2020-04-21 18:00:34.920000000,,No,,No,No,No,No,No,No,,,
OG110FQ,Asphalto,032,2020-05-11 20:47:22.687000000,36612,No,,Yes,No,No,No,No,No,01,,
OG110FQ,Asphalto,032,2020-07-09 22:29:28.843000000,38980,No,,No,No,No,No,No,No,,,
OG110FQ,Asphalto,032,2020-09-09 19:55:39.543000000,,No,,No,No,No,No,No,No,,,
OG110FQ,Asphalto,032,2020-10-14 20:47:12.840000000,29650,No,,No,No,No,No,No,No,,,
OG110FQ,Asphalto,032,2020-12-01 01:10:33.377000000,,No,,No,No,No,No,No,No,,,
OG110FQ,Asphalto,032,2020-12-24 17:27:42.843000000,140715,No,,Yes,No,No,No,No,No,01,,
OG110FQ,Asphalto,032,2020-12-24 18:28:47.210000000,144333,No,,Yes,No,No,No,No,No,01,,
OG110FQ,Asphalto,032,2021-01-11 22:56:54.710000000,29020,No,,No,No,No,No,No,No,,,
OG110FQ,Asphalto,032,2021-01-19 00:14:43.940000000,,No,,No,No,No,No,No,No,,,
OG110FQ,Asphalto,032,2021-01-28 16:07:16.023000000,85037,No,,Yes,No,No,No,No,No,01,,
OG110FQ,Barham Ranch,038,2020-04-28 17:05:31.663000000,43225,No,,No,No,No,No,No,No,05,,
OG110FQ,Barham Ranch,038,2020-08-03 16:17:11.360000000,21840,No,,No,No,No,No,No,No,05,,
OG110FQ,Barham Ranch,038,2020-11-02 17:21:40.753000000,22080,No,,No,No,No,No,No,No,05,,
OG110FQ,Barham Ranch,038,2021-01-12 17:50:16.460000000,22080,No,,No,No,No,No,No,No,05,,
OG110FQ,Beer Nose,040,2020-08-11 02:49:50.457000000,,No,,No,No,No,No,No,No,,,
OG110FQ,Belgian Anticline,042,2021-02-17 00:25:07.293000000,8,No,,Yes,No,No,No,No,No,07,,
OG110FQ,Belgian Anticline,042,2021-02-17 00:29:53.537000000,,No,,No,No,No,No,No,No,,,
OG110FQ,Belgian Anticline,042,2021-02-17 00:36:24.153000000,20,No,,Yes,No,No,No,No,No,07,,
OG110FQ,Belgian Anticline,042,2021-02-17 00:43:40.177000000,30,No,,Yes,No,No,No,No,No,07,,
OG110FQ,Bellevue,044,2020-04-24 14:30:31.660000000,121140,No,,Yes,No,No,No,No,No,05,,
OG110FQ,Bellevue,044,2020-04-29 19:20:00.580000000,,No,,No,No,No,No,No,No,,,
OG110FQ,Bellevue,044,2020-05-11 20:47:22.737000000,,No,,No,No,No,No,No,No,,,
OG110FQ,Bellevue,044,2020-07-16 16:00:26.237000000,42700,No,,Yes,No,No,No,No,No,05,,
OG110FQ,Bellevue,044,2020-07-27 16:50:06.930000000,,No,,No,No,No,No,No,No,,,
OG110FQ,Bellevue,044,2020-10-21 13:49:52.277000000,,No,,No,No,No,No,No,No,,,
OG110FQ,Bellevue,044,2020-10-21 20:51:29.437000000,,No,,No,No,No,No,No,No,,,
OG110FQ,Bellevue,044,2020-10-27 15:33:13.820000000,,No,,No,No,No,No,No,No,,,
OG110FQ,Bellevue,044,2020-12-24 17:27:42.890000000,,No,,No,No,No,No,No,No,,,
OG110FQ,Bellevue,044,2020-12-24 18:28:47.303000000,,No,,No,No,No,No,No,No,,,
OG110FQ,Bellevue,044,2021-01-25 20:37:00.250000000,57,No,,No,No,No,No,No,No,05,,
OG110FQ,Bellevue,044,2021-01-26 16:25:49.290000000,,No,,No,No,No,No,No,No,,,
OG110FQ,Bellevue,044,2021-01-28 16:07:16.053000000,,No,,No,No,No,No,No,No,,,
OG110FQ,Bellevue,044,2021-01-28 22:59:32.500000000,,No,,No,No,No,No,No,No,,,
OG110FQ,Bellevue  West,046,2020-04-29 19:20:00.643000000,,No,,No,No,No,No,No,No,,,
OG110FQ,Bellevue  West,046,2020-07-27 16:50:06.987000000,,No,,No,No,No,No,No,No,,,
OG110FQ,Bellevue  West,046,2020-10-21 20:51:29.490000000,,No,,No,No,No,No,No,No,,,
OG110FQ,Bellevue  West,046,2021-01-28 22:59:32.547000000,,No,,No,No,No,No,No,No,,,
OG110FQ,Belridge  North,050,2020-04-13 21:31:32.417000000,1575,No,,No,No,No,No,No,No,,,
OG110FQ,Belridge  North,050,2020-05-01 06:49:25.393000000,,No,,No,No,No,No,No,No,,,
OG110FQ,Belridge  North,050,2020-07-09 22:29:28.890000000,1260,No,,No,No,No,No,No,No,,,
OG110FQ,Belridge  North,050,2020-07-28 18:59:56.497000000,,No,,No,No,No,No,No,No,,,
OG110FQ,Belridge  North,050,2020-10-14 20:47:12.890000000,1575,No,,No,No,No,No,No,No,,,
OG110FQ,Belridge  North,050,2020-11-05 16:53:35.943000000,,No,,No,No,No,No,No,No,,,
OG110FQ,Belridge  North,050,2021-01-11 22:56:54.787000000,1890,No,,No,No,No,No,No,No,,,
OG110FQ,Belridge  North,050,2021-01-19 20:47:51.773000000,50983,No,,Yes,No,No,No,No,No,05,,
OG110FQ,Belridge  North,050,2021-01-19 20:51:51.827000000,65670,No,,Yes,No,No,No,No,No,05,,
OG110FQ,Belridge  North,050,2021-01-19 20:54:07.403000000,53825,No,,Yes,No,No,No,No,No,05,,
OG110FQ,Belridge  North,050,2021-01-26 17:43:38.767000000,,No,,No,No,No,No,No,No,,,
OG110FQ,Belridge  South,052,2020-04-27 22:44:41.210000000,,No,,No,No,No,No,No,No,,,
OG110FQ,Belridge  South,052,2020-05-01 06:49:25.437000000,,No,,No,No,No,No,No,No,,,
OG110FQ,Belridge  South,052,2020-06-19 22:42:06.833000000,1820,Yes,,No,No,No,No,No,No,08,,
OG110FQ,Belridge  South,052,2020-07-28 18:59:56.607000000,,No,,No,No,No,No,No,No,,,
OG110FQ,Belridge  South,052,2020-07-30 21:21:53.643000000,1820,Yes,,No,No,No,No,No,No,08,,
OG110FQ,Belridge  South,052,2020-07-30 21:44:24.650000000,,No,,No,No,No,No,No,No,,,
OG110FQ,Belridge  South,052,2020-10-26 21:49:03.717000000,500,Yes,,No,No,No,No,No,No,09,,
OG110FQ,Belridge  South,052,2020-10-29 19:19:17.977000000,,No,,No,No,No,No,No,No,,,
OG110FQ,Belridge  South,052,2020-11-05 16:53:35.973000000,,No,,No,No,No,No,No,No,,,
OG110FQ,Belridge  South,052,2021-01-26 17:43:38.813000000,,No,,No,No,No,No,No,No,,,
OG110FQ,Belridge  South,052,2021-01-27 19:41:57.233000000,,No,,No,No,No,No,No,No,,,
OG110FQ,Belridge  South,052,2021-01-29 21:08:46.810000000,20000,Yes,,No,No,No,No,No,No,,,06
OG110FQ,Belridge  South,052,2021-01-29 21:12:02.060000000,20000,Yes,,No,No,No,No,No,No,,,06
OG110FQ,Belridge  South,052,2021-01-29 21:17:02.663000000,20000,Yes,,No,No,No,No,No,No,,,06
OG110FQ,Belridge  South,052,2021-02-01 17:57:09.283000000,20000,Yes,,No,No,No,No,No,No,,,06
OG110FQ,Belridge  South,052,2021-02-25 16:28:37.197000000,500,Yes,,No,No,No,No,No,No,09,,
OG110FQ,Bounde Creek Gas,062,2020-04-30 21:50:09.440000000,,No,,No,No,No,No,No,No,,,
OG110FQ,Bounde Creek Gas,062,2020-07-30 16:37:38.923000000,,No,,No,No,No,No,No,No,,,
OG110FQ,Bounde Creek Gas,062,2020-09-30 16:25:53.060000000,,No,,No,No,No,No,No,No,,,
OG110FQ,Bounde Creek Gas,062,2020-09-30 16:29:53.303000000,,No,,No,No,No,No,No,No,,,
OG110FQ,Bounde Creek Gas,062,2020-10-30 16:24:42.060000000,,No,,No,No,No,No,No,No,,,
OG110FQ,Bounde Creek Gas,062,2021-01-29 16:23:29.567000000,,No,,No,No,No,No,No,No,,,
OG110FQ,Brea-Olinda,070,2020-04-24 16:24:24.557000000,500,No,,Yes,No,No,No,No,No,04,,
OG110FQ,Brea-Olinda,070,2020-04-29 16:22:35.720000000,84978,No,,Yes,No,No,No,No,No,04,,
OG110FQ,Brea-Olinda,070,2020-08-14 18:55:01.833000000,85428,No,,Yes,No,No,No,No,No,04,,
OG110FQ,Brea-Olinda,070,2020-08-21 04:12:44.247000000,500,No,,Yes,No,No,No,No,No,04,,
OG110FQ,Brea-Olinda,070,2020-10-09 17:01:03.140000000,500,No,,Yes,No,No,No,No,No,04,,
OG110FQ,Brea-Olinda,070,2020-11-11 23:35:58.540000000,84431,No,,Yes,No,No,No,No,No,04,,
OG110FQ,Brea-Olinda,070,2021-01-15 20:35:45.787000000,500,No,,Yes,No,No,No,No,No,04,,
OG110FQ,Brea-Olinda,070,2021-02-03 22:02:58.517000000,76384,No,,Yes,No,No,No,No,No,04,,
OG110FQ,Buckeye Gas,074,2020-09-30 16:25:52.920000000,,No,,No,No,No,No,No,No,,,
OG110FQ,Buckeye Gas,074,2020-09-30 16:29:53.177000000,,No,,No,No,No,No,No,No,,,
OG110FQ,Buena Vista,080,2020-04-06 23:13:58.810000000,156097,No,,No,No,No,No,Yes,No,01,,
OG110FQ,Buena Vista,080,2020-04-06 23:13:58.810000000,156097,No,,Yes,No,No,No,No,No,01,,
OG110FQ,Buena Vista,080,2020-04-30 16:40:59.387000000,546,No,,Yes,No,No,No,No,No,05,,
OG110FQ,Buena Vista,080,2020-06-06 23:39:51.063000000,,No,,No,No,No,No,No,No,,,
OG110FQ,Buena Vista,080,2020-07-07 21:23:29.720000000,821194,No,,No,No,No,No,Yes,No,01,,
OG110FQ,Buena Vista,080,2020-07-07 21:23:29.720000000,821194,No,,Yes,No,No,No,No,No,01,,
OG110FQ,Buena Vista,080,2020-07-31 20:18:28.973000000,546,No,,Yes,No,No,No,No,No,05,,
OG110FQ,Buena Vista,080,2020-10-08 22:45:24.290000000,194513,No,,No,No,No,No,Yes,No,01,,
OG110FQ,Buena Vista,080,2020-10-08 22:45:24.290000000,194513,No,,Yes,No,No,No,No,No,01,,
OG110FQ,Buena Vista,080,2020-10-27 15:33:14.040000000,93,No,,No,No,No,No,No,No,12,,
OG110FQ,Buena Vista,080,2020-10-30 20:18:52.477000000,546,No,,Yes,No,No,No,No,No,05,,
OG110FQ,Buena Vista,080,2021-01-12 00:27:31.567000000,108860,No,,No,No,No,No,No,No,01,,
OG110FQ,Buena Vista,080,2021-01-25 20:37:00.283000000,56,No,,No,No,No,No,No,No,12,,
OG110FQ,Buena Vista,080,2021-02-01 02:53:13.533000000,546,No,,Yes,No,No,No,No,No,05,,
OG110FQ,Buena Vista,080,2021-02-25 17:05:18.897000000,,No,,No,No,No,No,No,No,,,
OG110FQ,Buena Vista,080,2021-02-25 17:07:04.067000000,,No,,No,No,No,No,No,No,,,
OG110FQ,Buena Vista,080,2021-02-25 17:08:34.050000000,,No,,No,No,No,No,No,No,,,
OG110FQ,Burrel,084,2020-04-13 20:27:27.340000000,84329,No,,Yes,No,No,No,No,No,05,,
OG110FQ,Burrel,084,2020-04-14 02:16:47.367000000,156261,No,,Yes,No,No,No,No,No,05,,
OG110FQ,Burrel,084,2020-08-06 23:00:34.640000000,,No,,No,No,No,No,No,No,,,
OG110FQ,Burrel,084,2020-08-08 00:41:42.883000000,141680,No,,Yes,No,No,No,No,No,05,,
OG110FQ,Burrel,084,2021-01-17 03:19:29.250000000,155000,No,,Yes,No,No,No,No,No,05,,
OG110FQ,Burrel,084,2021-01-17 03:37:34.553000000,144112,No,,Yes,No,No,No,No,No,05,,
OG110FQ,Burrel,084,2021-01-17 04:46:36.523000000,33380,No,,Yes,No,No,No,No,No,05,,
OG110FQ,Burrel,084,2021-01-17 04:51:21.607000000,16245,No,,Yes,No,No,No,No,No,05,,
OG110FQ,Cabrillo,091,2020-04-17 17:34:43.710000000,,No,,No,No,No,No,No,No,,,
OG110FQ,Cal Canal Gas,095,2020-04-29 19:20:00.717000000,,No,,No,No,No,No,No,No,,,
OG110FQ,Cal Canal Gas,095,2020-07-27 16:50:07.033000000,,No,,No,No,No,No,No,No,,,
OG110FQ,Cal Canal Gas,095,2020-10-21 20:51:29.537000000,,No,,No,No,No,No,No,No,,,
OG110FQ,Cal Canal Gas,095,2021-01-28 22:59:32.593000000,,No,,No,No,No,No,No,No,,,
OG110FQ,Camden,100,2020-04-13 20:27:27.390000000,,No,,No,No,No,No,No,No,,,
OG110FQ,Camden,100,2020-08-06 23:00:34.690000000,,No,,No,No,No,No,No,No,,,
OG110FQ,Camden,100,2021-01-17 04:46:36.570000000,,No,,No,No,No,No,No,No,,,
OG110FQ,Camden,100,2021-01-17 04:51:21.653000000,,No,,No,No,No,No,No,No,,,
OG110FQ,Canada Larga,102,2020-05-29 21:54:24.010000000,,No,,No,No,No,No,No,No,,,
OG110FQ,Canada Larga,102,2021-02-05 21:26:04.083000000,,No,,No,No,No,No,No,No,,,
OG110FQ,Canada Larga,102,2021-02-05 21:48:36.450000000,,No,,No,No,No,No,No,No,,,
OG110FQ,Canada Larga,102,2021-02-05 22:02:22.650000000,,No,,No,No,No,No,No,No,,,
OG110FQ,Canal,104,2020-04-21 18:00:34.980000000,,No,,No,No,No,No,No,No,,,
OG110FQ,Canal,104,2020-04-29 19:20:00.780000000,,No,,No,No,No,No,No,No,,,
OG110FQ,Canal,104,2020-05-11 20:47:22.783000000,,No,,No,No,No,No,No,No,,,
OG110FQ,Canal,104,2020-06-06 23:39:51.117000000,,No,,No,No,No,No,No,No,,,
OG110FQ,Canal,104,2020-07-27 16:50:07.083000000,,No,,No,No,No,No,No,No,,,
OG110FQ,Canal,104,2020-09-09 19:55:39.600000000,,No,,No,No,No,No,No,No,,,
OG110FQ,Canal,104,2020-10-21 20:51:29.587000000,,No,,No,No,No,No,No,No,,,
OG110FQ,Canal,104,2020-12-01 01:10:33.423000000,,No,,No,No,No,No,No,No,,,
OG110FQ,Canal,104,2020-12-24 17:27:42.940000000,,No,,No,No,No,No,No,No,,,
OG110FQ,Canal,104,2020-12-24 18:28:47.413000000,,No,,No,No,No,No,No,No,,,
OG110FQ,Canal,104,2021-01-19 00:14:43.987000000,,No,,No,No,No,No,No,No,,,
OG110FQ,Canal,104,2021-01-28 16:07:16.100000000,,No,,No,No,No,No,No,No,,,
OG110FQ,Canal,104,2021-01-28 22:59:32.640000000,,No,,No,No,No,No,No,No,,,
OG110FQ,Canal,104,2021-02-25 17:05:18.960000000,,No,,No,No,No,No,No,No,,,
OG110FQ,Canal,104,2021-02-25 17:07:04.130000000,,No,,No,No,No,No,No,No,,,
OG110FQ,Canal,104,2021-02-25 17:08:34.097000000,,No,,No,No,No,No,No,No,,,
OG110FQ,Canfield Ranch,106,2020-04-29 19:20:00.837000000,,No,,No,No,No,No,No,No,,,
OG110FQ,Canfield Ranch,106,2020-07-27 16:50:07.130000000,,No,,No,No,No,No,No,No,,,
OG110FQ,Canfield Ranch,106,2020-08-09 23:33:13.647000000,,No,,No,No,No,No,No,No,,,
OG110FQ,Canfield Ranch,106,2020-10-21 20:51:29.647000000,,No,,No,No,No,No,No,No,,,
OG110FQ,Canfield Ranch,106,2021-01-14 08:35:31.480000000,,No,,No,No,No,No,No,No,,,
OG110FQ,Canfield Ranch,106,2021-01-15 21:27:03.193000000,,No,,No,No,No,No,No,No,,,
OG110FQ,Canfield Ranch,106,2021-01-28 22:59:32.670000000,,No,,No,No,No,No,No,No,,,
OG110FQ,Canfield Ranch,106,2021-02-19 05:41:29.593000000,,No,,No,No,No,No,No,No,,,
OG110FQ,Careaga Canyon,116,2020-11-12 21:30:51.363000000,71644,No,,Yes,No,No,No,No,No,05,,
OG110FQ,Careaga Canyon,116,2020-11-12 21:35:21.597000000,18326,No,,Yes,No,No,No,No,No,05,,
OG110FQ,Careaga Canyon,116,2020-12-29 23:57:10.220000000,36526,No,,Yes,No,No,No,No,No,05,,
OG110FQ,Casmalia,122,2020-04-16 00:17:14.237000000,,No,,No,No,No,No,No,No,,,
OG110FQ,Casmalia,122,2020-04-28 17:05:31.723000000,813653,No,,No,No,No,No,No,No,05,,
OG110FQ,Casmalia,122,2020-07-24 18:06:26.273000000,,No,,No,No,No,No,No,No,,,
OG110FQ,Casmalia,122,2020-08-03 16:17:11.430000000,652518,No,,No,No,No,No,No,No,05,,
OG110FQ,Casmalia,122,2020-10-19 15:17:57.623000000,,No,,No,No,No,No,No,No,,,
OG110FQ,Casmalia,122,2020-11-02 17:21:40.800000000,900387,No,,No,No,No,No,No,No,05,,
OG110FQ,Casmalia,122,2021-01-12 17:50:16.507000000,1004823,No,,No,No,No,No,No,No,05,,
OG110FQ,Casmalia,122,2021-01-19 20:47:51.837000000,,No,,No,No,No,No,No,No,,,
OG110FQ,Casmalia,122,2021-01-19 20:51:51.890000000,,No,,No,No,No,No,No,No,,,
OG110FQ,Casmalia,122,2021-01-19 20:54:07.467000000,,No,,No,No,No,No,No,No,,,
OG110FQ,Casmalia,122,2021-01-21 03:21:38.347000000,,No,,No,No,No,No,No,No,,,
OG110FQ,Castaic Hills,124,2020-05-11 20:47:22.830000000,,No,,No,No,No,No,No,No,,,
OG110FQ,Castaic Hills,124,2020-12-24 17:27:43,,No,,No,No,No,No,No,No,,,
OG110FQ,Castaic Hills,124,2020-12-24 18:28:47.537000000,,No,,No,No,No,No,No,No,,,
OG110FQ,Castaic Hills,124,2021-01-28 16:07:16.163000000,,No,,No,No,No,No,No,No,,,
OG110FQ,Cat Canyon,128,2020-04-16 00:17:14.283000000,,No,,No,No,No,No,No,No,,,
OG110FQ,Cat Canyon,128,2020-05-01 06:49:25.493000000,,No,,No,No,No,No,No,No,,,
OG110FQ,Cat Canyon,128,2020-07-24 18:06:26.337000000,,No,,No,No,No,No,No,No,,,
OG110FQ,Cat Canyon,128,2020-07-28 18:59:56.680000000,,No,,No,No,No,No,No,No,,,
OG110FQ,Cat Canyon,128,2020-10-19 15:17:57.677000000,,No,,No,No,No,No,No,No,,,
OG110FQ,Cat Canyon,128,2020-11-05 16:53:36.020000000,,No,,No,No,No,No,No,No,,,
OG110FQ,Cat Canyon,128,2021-01-18 22:15:09.780000000,,No,,No,No,No,No,No,No,,,
OG110FQ,Cat Canyon,128,2021-01-19 20:47:51.883000000,2658,No,,Yes,No,No,No,No,No,05,,
OG110FQ,Cat Canyon,128,2021-01-19 20:51:51.933000000,195241,No,,Yes,No,No,No,No,No,05,,
OG110FQ,Cat Canyon,128,2021-01-19 20:54:07.513000000,145546,No,,Yes,No,No,No,No,No,05,,
OG110FQ,Cat Canyon,128,2021-01-21 03:21:38.393000000,,No,,No,No,No,No,No,No,,,
OG110FQ,Cat Canyon,128,2021-01-26 17:43:38.860000000,,No,,No,No,No,No,No,No,,,
OG110FQ,Chico-Martinez,140,2020-04-08 20:35:10.900000000,,No,,No,No,No,No,No,No,,,
OG110FQ,Chico-Martinez,140,2020-08-11 22:08:21.530000000,,No,,No,No,No,No,No,No,,,
OG110FQ,Chico-Martinez,140,2020-11-13 21:50:59.447000000,,No,,No,No,No,No,No,No,,,
OG110FQ,Chico-Martinez,140,2021-01-26 22:36:23.973000000,,No,,No,No,No,No,No,No,,,
OG110FQ,Cienaga Canyon,146,2020-04-30 16:40:59.440000000,270,No,,Yes,No,No,No,No,No,05,,
OG110FQ,Cienaga Canyon,146,2020-04-30 16:40:59.440000000,981,No,,No,No,No,No,No,No,07,,
OG110FQ,Cienaga Canyon,146,2020-04-30 16:40:59.440000000,981,No,,Yes,No,No,No,No,No,07,,
OG110FQ,Cienaga Canyon,146,2020-07-31 20:18:29.030000000,270,No,,Yes,No,No,No,No,No,05,,
OG110FQ,Cienaga Canyon,146,2020-07-31 20:18:29.030000000,981,No,,No,No,No,No,No,No,07,,
OG110FQ,Cienaga Canyon,146,2020-07-31 20:18:29.030000000,981,No,,Yes,No,No,No,No,No,07,,
OG110FQ,Cienaga Canyon,146,2020-10-30 20:18:52.523000000,270,No,,Yes,No,No,No,No,No,05,,
OG110FQ,Cienaga Canyon,146,2020-10-30 20:18:52.523000000,981,No,,No,No,No,No,No,No,07,,
OG110FQ,Cienaga Canyon,146,2020-10-30 20:18:52.523000000,981,No,,Yes,No,No,No,No,No,07,,
OG110FQ,Cienaga Canyon,146,2021-02-01 02:53:13.857000000,270,No,,Yes,No,No,No,No,No,05,,
OG110FQ,Cienaga Canyon,146,2021-02-01 02:53:13.857000000,981,No,,No,No,No,No,No,No,07,,
OG110FQ,Cienaga Canyon,146,2021-02-01 02:53:13.857000000,981,No,,Yes,No,No,No,No,No,07,,
OG110FQ,Coalinga,150,2020-04-30 16:40:59.787000000,720,No,,Yes,No,No,No,No,No,05,,
OG110FQ,Coalinga,150,2020-05-01 06:49:25.537000000,250,Yes,,No,No,No,No,No,No,08,,
OG110FQ,Coalinga,150,2020-05-01 06:49:25.537000000,35000,No,,No,No,Yes,No,No,No,05,,
OG110FQ,Coalinga,150,2020-05-01 06:49:25.537000000,35000,No,,Yes,No,No,No,No,No,05,,
OG110FQ,Coalinga,150,2020-07-28 18:59:56.733000000,250,Yes,,No,No,No,No,No,No,08,,
OG110FQ,Coalinga,150,2020-07-28 18:59:56.733000000,35000,No,,No,No,Yes,No,No,No,05,,
OG110FQ,Coalinga,150,2020-07-28 18:59:56.733000000,35000,No,,Yes,No,No,No,No,No,05,,
OG110FQ,Coalinga,150,2020-07-31 20:18:29.410000000,720,No,,Yes,No,No,No,No,No,05,,
OG110FQ,Coalinga,150,2020-11-05 16:53:36.053000000,250,Yes,,No,No,No,No,No,No,08,,
OG110FQ,Coalinga,150,2020-11-05 16:53:36.053000000,35000,No,,No,No,Yes,No,No,No,05,,
OG110FQ,Coalinga,150,2020-11-05 16:53:36.053000000,35000,No,,Yes,No,No,No,No,No,05,,
OG110FQ,Coalinga,150,2021-01-26 17:43:38.907000000,250,Yes,,No,No,No,No,No,No,08,,
OG110FQ,Coalinga,150,2021-01-26 17:43:38.907000000,35000,No,,No,No,Yes,No,No,No,05,,
OG110FQ,Coalinga,150,2021-01-26 17:43:38.907000000,35000,No,,Yes,No,No,No,No,No,05,,
OG110FQ,Coalinga,150,2021-02-17 03:54:03,,No,,No,No,No,No,No,No,,,
OG110FQ,Coalinga,150,2021-02-17 04:05:48.427000000,,No,,No,No,No,No,No,No,,,
OG110FQ,Coalinga,150,2021-02-17 04:09:03.587000000,,No,,No,No,No,No,No,No,,,
OG110FQ,Coalinga,150,2021-02-17 04:12:18.687000000,,No,,No,No,No,No,No,No,,,
OG110FQ,Coles Levee  North,156,2020-08-05 21:19:56.183000000,,No,,No,No,No,No,No,No,,,
OG110FQ,Coles Levee  North,156,2020-08-05 22:50:48.170000000,,No,,No,No,No,No,No,No,,,
OG110FQ,Coles Levee  South,158,2020-04-28 17:05:31.780000000,,No,,No,No,No,No,No,No,,,
OG110FQ,Coles Levee  South,158,2020-08-03 16:17:11.480000000,,No,,No,No,No,No,No,No,,,
OG110FQ,Coles Levee  South,158,2020-11-02 17:21:40.847000000,,No,,No,No,No,No,No,No,,,
OG110FQ,Coles Levee  South,158,2021-01-12 17:50:16.570000000,,No,,No,No,No,No,No,No,,,
OG110FQ,Compton Landing Gas,162,2020-09-30 16:25:52.780000000,,No,,No,No,No,No,No,No,,,
OG110FQ,Compton Landing Gas,162,2020-09-30 16:29:53.053000000,,No,,No,No,No,No,No,No,,,
OG110FQ,Cymric,190,2020-04-27 21:55:19.963000000,,No,,No,No,No,No,No,No,,,
OG110FQ,Cymric,190,2020-04-27 22:44:41.257000000,,No,,No,No,No,No,No,No,,,
OG110FQ,Cymric,190,2020-04-30 16:40:59.487000000,720,No,,Yes,No,No,No,No,No,05,,
OG110FQ,Cymric,190,2020-04-30 16:40:59.487000000,3313,No,,Yes,No,No,No,No,No,06,,
OG110FQ,Cymric,190,2020-05-01 06:49:25.583000000,,No,,No,No,No,No,No,No,,,
OG110FQ,Cymric,190,2020-06-19 22:42:06.967000000,26151,Yes,,No,No,No,No,No,No,12,,
OG110FQ,Cymric,190,2020-07-28 18:59:56.783000000,,No,,No,No,No,No,No,No,,,
OG110FQ,Cymric,190,2020-07-30 20:26:35.117000000,,No,,No,No,No,No,No,No,,,
OG110FQ,Cymric,190,2020-07-30 21:21:53.787000000,23081,Yes,,No,No,No,No,No,No,12,,
OG110FQ,Cymric,190,2020-07-30 21:44:24.693000000,,No,,No,No,No,No,No,No,,,
OG110FQ,Cymric,190,2020-07-31 20:18:29.080000000,720,No,,Yes,No,No,No,No,No,05,,
OG110FQ,Cymric,190,2020-07-31 20:18:29.080000000,3313,No,,Yes,No,No,No,No,No,06,,
OG110FQ,Cymric,190,2020-10-26 21:49:03.873000000,11532,Yes,,No,No,No,No,No,No,12,,
OG110FQ,Cymric,190,2020-10-29 18:33:44.380000000,,No,,No,No,No,No,No,No,,,
OG110FQ,Cymric,190,2020-10-29 19:19:18.070000000,,No,,No,No,No,No,No,No,,,
OG110FQ,Cymric,190,2020-10-30 20:18:52.570000000,90,No,,Yes,No,No,No,No,No,05,,
OG110FQ,Cymric,190,2020-10-30 20:18:52.570000000,3313,No,,Yes,No,No,No,No,No,06,,
OG110FQ,Cymric,190,2020-11-05 16:53:36.100000000,,No,,No,No,No,No,No,No,,,
OG110FQ,Cymric,190,2021-01-26 17:43:38.953000000,,No,,No,No,No,No,No,No,,,
OG110FQ,Cymric,190,2021-01-27 19:41:57.280000000,,No,,No,No,No,No,No,No,,,
OG110FQ,Cymric,190,2021-01-29 20:00:43.527000000,,No,,No,No,No,No,No,No,,,
OG110FQ,Cymric,190,2021-02-01 02:53:13.907000000,90,No,,Yes,No,No,No,No,No,05,,
OG110FQ,Cymric,190,2021-02-01 02:53:13.907000000,3313,No,,Yes,No,No,No,No,No,06,,
OG110FQ,Cymric,190,2021-02-25 16:28:37.480000000,9458,Yes,,No,No,No,No,No,No,12,,
OG110FQ,Deer Creek,194,2020-04-01 16:18:23.733000000,151661,No,,Yes,No,No,No,No,No,01,,
OG110FQ,Deer Creek,194,2020-04-15 22:04:54.410000000,49184,Yes,,Yes,No,No,No,No,No,01,,
OG110FQ,Deer Creek,194,2020-07-03 18:30:06.037000000,41729,No,,Yes,No,No,No,No,No,01,,
OG110FQ,Deer Creek,194,2020-10-01 19:01:30.300000000,102006,No,,Yes,No,No,No,No,No,01,,
OG110FQ,Deer Creek,194,2021-02-01 21:07:27.630000000,118905,No,,Yes,No,No,No,No,No,01,,
OG110FQ,Devils Den,204,2020-10-27 15:33:14.070000000,,No,,No,No,No,No,No,No,,,
OG110FQ,Devils Den,204,2021-01-25 20:37:00.330000000,,No,,No,No,No,No,No,No,,,
OG110FQ,Devils Den,204,2021-03-31 21:06:59.387000000,,No,,No,No,No,No,No,No,,,
OG110FQ,Devils Den,204,2021-03-31 21:19:29.747000000,,No,,No,No,No,No,No,No,,,
OG110FQ,Devils Den,204,2021-03-31 21:53:46.427000000,,No,,No,No,No,No,No,No,,,
OG110FQ,Devils Den,204,2021-03-31 22:00:32.350000000,,No,,No,No,No,No,No,No,,,
OG110FQ,Durham Gas,216,2020-09-30 16:25:52.263000000,,No,,No,No,No,No,No,No,,,
OG110FQ,Durham Gas,216,2020-09-30 16:29:52.583000000,,No,,No,No,No,No,No,No,,,
OG110FQ,Edison,222,2020-04-17 23:33:08.613000000,,No,,No,No,No,No,No,No,,,
OG110FQ,Edison,222,2020-04-27 22:09:52.233000000,21187,No,,Yes,No,No,No,No,No,,,
OG110FQ,Edison,222,2020-04-28 23:15:57.907000000,186368,No,,Yes,No,No,No,No,No,01,,
OG110FQ,Edison,222,2020-05-04 15:55:20.247000000,21956,No,,Yes,No,No,No,No,No,01,,
OG110FQ,Edison,222,2020-05-24 21:35:34.440000000,429,No,,No,No,No,No,No,No,12,,
OG110FQ,Edison,222,2020-05-24 22:00:28.620000000,175,No,,No,No,No,No,No,No,12,,
OG110FQ,Edison,222,2020-07-15 16:21:39.160000000,,No,,No,No,No,No,No,No,,,
OG110FQ,Edison,222,2020-07-31 21:16:47.990000000,9642,No,,Yes,No,No,No,No,No,,,
OG110FQ,Edison,222,2020-08-10 19:36:02.227000000,171084,No,,Yes,No,No,No,No,No,01,,
OG110FQ,Edison,222,2020-08-18 04:14:55.077000000,900,No,,No,No,No,No,No,No,05,,
OG110FQ,Edison,222,2020-08-18 04:19:10.810000000,900,No,,No,No,No,No,No,No,05,,
OG110FQ,Edison,222,2020-08-18 04:50:41.620000000,900,No,,No,No,No,No,No,No,06,,
OG110FQ,Edison,222,2020-08-18 05:11:35.973000000,900,No,,No,No,No,No,No,No,06,,
OG110FQ,Edison,222,2020-10-07 20:21:59.173000000,,No,,No,No,No,No,No,No,,,
OG110FQ,Edison,222,2020-10-22 16:40:28.280000000,168,No,,No,No,No,No,No,No,12,,
OG110FQ,Edison,222,2020-10-22 18:57:35.947000000,165487,No,,Yes,No,No,No,No,No,01,,
OG110FQ,Edison,222,2020-10-27 22:56:08.387000000,424,No,,No,No,No,No,No,No,12,,
OG110FQ,Edison,222,2020-10-28 16:13:32.473000000,230,No,,No,No,No,No,No,No,12,,
OG110FQ,Edison,222,2020-12-11 22:24:09.860000000,23201,No,,Yes,No,No,No,No,No,01,,
OG110FQ,Edison,222,2020-12-11 22:34:10.613000000,22264,No,,Yes,No,No,No,No,No,01,,
OG110FQ,Edison,222,2020-12-30 20:59:59.633000000,9488,No,,Yes,No,No,No,No,No,,,
OG110FQ,Edison,222,2021-01-07 18:29:43.903000000,,No,,No,No,No,No,No,No,,,
OG110FQ,Edison,222,2021-01-15 22:18:05.887000000,900,No,,No,No,No,No,No,No,05,,
OG110FQ,Edison,222,2021-01-15 22:20:21.073000000,900,No,,No,No,No,No,No,No,05,,
OG110FQ,Edison,222,2021-01-16 02:10:06.063000000,900,No,,No,No,No,No,No,No,06,,
OG110FQ,Edison,222,2021-01-16 02:12:36.107000000,900,No,,No,No,No,No,No,No,06,,
OG110FQ,Edison,222,2021-01-28 18:20:24.290000000,168871,No,,Yes,No,No,No,No,No,01,,
OG110FQ,Edison,222,2021-01-28 23:00:15.347000000,,No,,No,No,No,No,No,No,,,
OG110FQ,Edison,222,2021-01-28 23:06:00.423000000,,No,,No,No,No,No,No,No,,,
OG110FQ,Edison,222,2021-01-28 23:11:16.247000000,,No,,No,No,No,No,No,No,,,
OG110FQ,Edison,222,2021-01-28 23:20:01.523000000,,No,,No,No,No,No,No,No,,,
OG110FQ,Edison,222,2021-02-01 23:51:56.830000000,17569,No,,Yes,No,No,No,No,No,01,,
OG110FQ,Edison,222,2021-02-10 22:59:11.390000000,11218,No,,Yes,No,No,No,No,No,,,
OG110FQ,Edison,222,2021-02-17 00:25:07.387000000,1022,No,,Yes,No,No,No,No,No,07,,
OG110FQ,Edison,222,2021-02-17 00:29:53.673000000,896,No,,Yes,No,No,No,No,No,07,,
OG110FQ,Edison,222,2021-02-17 00:36:24.250000000,1045,No,,Yes,No,No,No,No,No,07,,
OG110FQ,Edison,222,2021-02-17 00:43:40.240000000,1172,No,,Yes,No,No,No,No,No,07,,
OG110FQ,Edison,222,2021-03-31 21:06:59.433000000,88005,No,,Yes,No,No,No,No,No,05,,
OG110FQ,Edison,222,2021-03-31 21:19:29.780000000,34053,No,,Yes,No,No,No,No,No,05,,
OG110FQ,Edison,222,2021-03-31 21:53:46.457000000,34418,No,,Yes,No,No,No,No,No,05,,
OG110FQ,Edison,222,2021-03-31 22:00:32.460000000,64583,No,,Yes,No,No,No,No,No,05,,
OG110FQ,Edison  Northeast,224,2021-03-31 21:06:59.467000000,,No,,No,No,No,No,No,No,,,
OG110FQ,Edison  Northeast,224,2021-03-31 21:19:29.823000000,,No,,No,No,No,No,No,No,,,
OG110FQ,Edison  Northeast,224,2021-03-31 21:53:46.503000000,,No,,No,No,No,No,No,No,,,
OG110FQ,Edison  Northeast,224,2021-03-31 22:00:32.570000000,,No,,No,No,No,No,No,No,,,
OG110FQ,El Segundo,232,2020-04-29 16:22:35.770000000,9100,No,,Yes,No,No,No,No,No,05,,
OG110FQ,El Segundo,232,2020-08-14 18:55:01.897000000,9100,No,,Yes,No,No,No,No,No,05,,
OG110FQ,El Segundo,232,2020-11-11 23:35:58.670000000,9200,No,,Yes,No,No,No,No,No,05,,
OG110FQ,El Segundo,232,2021-02-03 22:02:58.563000000,9000,No,,Yes,No,No,No,No,No,05,,
OG110FQ,Elk Hills,228,2020-05-01 06:49:25.633000000,,No,,No,No,No,No,No,No,,,
OG110FQ,Elk Hills,228,2020-07-28 18:59:56.827000000,,No,,No,No,No,No,No,No,,,
OG110FQ,Elk Hills,228,2020-11-05 16:53:36.147000000,,No,,No,No,No,No,No,No,,,
OG110FQ,Elk Hills,228,2021-01-26 17:43:38.983000000,,No,,No,No,No,No,No,No,,,
OG110FQ,English Colony (ABD),238,2020-05-11 20:47:22.893000000,,No,,No,No,No,No,No,No,,,
OG110FQ,English Colony (ABD),238,2020-12-24 17:27:43.063000000,,No,,No,No,No,No,No,No,,,
OG110FQ,English Colony (ABD),238,2020-12-24 18:28:47.630000000,,No,,No,No,No,No,No,No,,,
OG110FQ,English Colony (ABD),238,2021-01-28 16:07:16.197000000,,No,,No,No,No,No,No,No,,,
OG110FQ,Esperanza,240,2020-06-14 00:53:38.480000000,1480,No,,No,No,No,No,No,No,04,,
OG110FQ,Esperanza,240,2020-09-20 21:28:05.667000000,1480,No,,No,No,No,No,No,No,04,,
OG110FQ,Esperanza,240,2020-10-14 21:53:31.130000000,1260,No,,No,No,No,No,No,No,04,,
OG110FQ,Esperanza,240,2021-01-12 15:55:10.083000000,1280,No,,No,No,No,No,No,No,04,,
OG110FQ,Eureka Canyon,242,2020-06-03 21:15:25.527000000,,No,,No,No,No,No,No,No,,,
OG110FQ,Eureka Canyon,242,2020-08-08 17:58:50.390000000,,No,,No,No,No,No,No,No,,,
OG110FQ,Eureka Canyon,242,2020-11-13 01:23:34.010000000,,No,,No,No,No,No,No,No,,,
OG110FQ,Eureka Canyon,242,2021-01-22 06:13:11.337000000,,No,,No,No,No,No,No,No,,,
OG110FQ,Fillmore,246,2020-11-12 21:30:51.410000000,,No,,No,No,No,No,No,No,,,
OG110FQ,Fillmore,246,2020-11-12 21:35:21.643000000,,No,,No,No,No,No,No,No,,,
OG110FQ,Fillmore,246,2020-12-29 23:57:10.283000000,,No,,No,No,No,No,No,No,,,
OG110FQ,Fruitvale,256,2020-04-17 17:56:15.847000000,,No,,No,No,No,No,No,No,,,
OG110FQ,Fruitvale,256,2020-04-29 19:20:00.883000000,5369,No,,Yes,No,No,No,No,No,05,,
OG110FQ,Fruitvale,256,2020-05-24 21:35:34.493000000,1336,No,,No,No,No,No,No,No,05,,
OG110FQ,Fruitvale,256,2020-05-24 22:00:28.667000000,25,No,,No,No,No,No,No,No,05,,
OG110FQ,Fruitvale,256,2020-07-23 11:39:40.413000000,,No,,No,No,No,No,No,No,,,
OG110FQ,Fruitvale,256,2020-07-27 16:50:07.177000000,2626,No,,Yes,No,No,No,No,No,05,,
OG110FQ,Fruitvale,256,2020-10-14 11:16:11.437000000,,No,,No,No,No,No,No,No,,,
OG110FQ,Fruitvale,256,2020-10-21 20:51:29.710000000,7027,No,,Yes,No,No,No,No,No,05,,
OG110FQ,Fruitvale,256,2020-10-22 16:40:28.323000000,18,No,,No,No,No,No,No,No,05,,
OG110FQ,Fruitvale,256,2020-10-27 15:33:14.120000000,150,No,,No,No,No,No,No,No,05,,
OG110FQ,Fruitvale,256,2020-10-27 22:56:08.433000000,2,No,,No,No,No,No,No,No,05,,
OG110FQ,Fruitvale,256,2020-10-28 16:13:32.507000000,10,No,,No,No,No,No,No,No,05,,
OG110FQ,Fruitvale,256,2020-12-31 12:43:23.110000000,,No,,No,No,No,No,No,No,,,
OG110FQ,Fruitvale,256,2021-01-18 22:16:54.773000000,,No,,No,No,No,No,No,No,,,
OG110FQ,Fruitvale,256,2021-01-25 20:37:00.393000000,124,No,,No,No,No,No,No,No,05,,
OG110FQ,Fruitvale,256,2021-01-28 22:59:32.717000000,5639,No,,Yes,No,No,No,No,No,05,,
OG110FQ,Fruitvale,256,2021-02-19 21:12:59.440000000,,No,,No,No,No,No,No,No,,,
OG110FQ,Fruitvale,256,2021-02-19 21:14:14.567000000,,No,,No,No,No,No,No,No,,,
OG110FQ,Fruitvale,256,2021-02-19 21:16:14.660000000,,No,,No,No,No,No,No,No,,,
OG110FQ,Fruitvale,256,2021-02-19 21:17:59.677000000,,No,,No,No,No,No,No,No,,,
OG110FQ,Fruitvale,256,2021-03-31 21:06:59.513000000,75318,No,,Yes,No,No,No,No,No,05,,
OG110FQ,Fruitvale,256,2021-03-31 21:19:29.857000000,81683,No,,Yes,No,No,No,No,No,05,,
OG110FQ,Fruitvale,256,2021-03-31 21:53:46.537000000,41441,No,,Yes,No,No,No,No,No,05,,
OG110FQ,Fruitvale,256,2021-03-31 22:00:32.680000000,109212,No,,Yes,No,No,No,No,No,05,,
OG110FQ,Gill Ranch Gas,266,2020-04-21 21:57:38.773000000,,No,,No,No,No,No,No,No,,,
OG110FQ,Gill Ranch Gas,266,2020-04-27 18:59:00.910000000,,No,,No,No,No,No,No,No,,,
OG110FQ,Gill Ranch Gas,266,2020-07-23 21:43:51.187000000,435,No,,No,No,No,No,No,No,05,,
OG110FQ,Gill Ranch Gas,266,2020-07-24 21:37:23.693000000,,No,,No,No,No,No,No,No,,,
OG110FQ,Gill Ranch Gas,266,2020-10-12 22:04:48.410000000,898,No,,No,No,No,No,No,No,05,,
OG110FQ,Gill Ranch Gas,266,2020-10-21 22:20:31.413000000,,No,,No,No,No,No,No,No,,,
OG110FQ,Gill Ranch Gas,266,2021-01-11 23:07:55.350000000,801,No,,No,No,No,No,No,No,05,,
OG110FQ,Gill Ranch Gas,266,2021-01-15 18:26:24.307000000,,No,,No,No,No,No,No,No,,,
OG110FQ,Greeley,280,2020-05-11 20:47:22.947000000,,No,,No,No,No,No,No,No,,,
OG110FQ,Greeley,280,2020-12-24 17:27:43.110000000,,No,,No,No,No,No,No,No,,,
OG110FQ,Greeley,280,2020-12-24 18:28:47.740000000,,No,,No,No,No,No,No,No,,,
OG110FQ,Greeley,280,2021-01-28 16:07:16.243000000,,No,,No,No,No,No,No,No,,,
OG110FQ,Grimes Gas,282,2020-09-30 16:25:52.640000000,,No,,No,No,No,No,No,No,,,
OG110FQ,Grimes Gas,282,2020-09-30 16:29:52.927000000,,No,,No,No,No,No,No,No,,,
OG110FQ,Grimes Gas,282,2021-01-18 21:17:25.950000000,,No,,No,No,No,No,No,No,,,
OG110FQ,Hasley Canyon,298,2020-05-11 20:47:22.997000000,929,No,,Yes,No,No,No,No,No,05,,
OG110FQ,Hasley Canyon,298,2020-12-24 17:27:43.157000000,220,No,,Yes,No,No,No,No,No,05,,
OG110FQ,Hasley Canyon,298,2020-12-24 18:28:47.833000000,1597,No,,Yes,No,No,No,No,No,05,,
OG110FQ,Hasley Canyon,298,2021-01-28 16:07:16.273000000,1800,No,,Yes,No,No,No,No,No,05,,
OG110FQ,Helm,300,2020-05-11 20:47:23.053000000,,No,,No,No,No,No,No,No,,,
OG110FQ,Helm,300,2020-12-24 17:27:43.220000000,,No,,No,No,No,No,No,No,,,
OG110FQ,Helm,300,2020-12-24 18:28:47.943000000,,No,,No,No,No,No,No,No,,,
OG110FQ,Helm,300,2021-01-28 16:07:16.320000000,,No,,No,No,No,No,No,No,,,
OG110FQ,Honor Rancho,308,2020-04-24 19:41:23.943000000,17578,Yes,,No,No,No,No,No,No,,,
OG110FQ,Honor Rancho,308,2020-07-29 00:19:14.963000000,8798,Yes,,No,No,No,No,No,No,,,
OG110FQ,Honor Rancho,308,2020-10-28 22:49:58.353000000,21318,Yes,,No,No,No,No,No,No,,,
OG110FQ,Honor Rancho,308,2021-01-28 22:10:39.993000000,27587,Yes,,No,No,No,No,No,No,,,
OG110FQ,Honor Rancho,308,2021-02-20 07:34:37.590000000,,No,,No,No,No,No,No,No,,,
OG110FQ,Honor Rancho,308,2021-02-20 07:55:08.020000000,,No,,No,No,No,No,No,No,,,
OG110FQ,Honor Rancho,308,2021-02-20 08:16:38.613000000,,No,,No,No,No,No,No,No,,,
OG110FQ,Honor Rancho,308,2021-02-20 08:35:39.110000000,,No,,No,No,No,No,No,No,,,
OG110FQ,Howard Townsite,316,2020-05-01 02:36:26.240000000,,No,,No,No,No,No,No,No,,,
OG110FQ,Howard Townsite,316,2020-07-22 20:37:44.493000000,,No,,No,No,No,No,No,No,,,
OG110FQ,Howard Townsite,316,2020-10-31 00:26:05.973000000,,No,,No,No,No,No,No,No,,,
OG110FQ,Howard Townsite,316,2021-01-31 00:05:08.023000000,,No,,No,No,No,No,No,No,,,
OG110FQ,Huntington Beach,320,2020-04-27 18:55:15.683000000,,No,,No,No,No,No,No,No,,,
OG110FQ,Huntington Beach,320,2020-04-27 20:10:05.633000000,400,No,,Yes,No,No,No,No,No,04,,
OG110FQ,Huntington Beach,320,2020-07-27 20:41:16.883000000,,No,,No,No,No,No,No,No,,,
OG110FQ,Huntington Beach,320,2020-07-27 22:27:38.847000000,400,No,,Yes,No,No,No,No,No,04,,
OG110FQ,Huntington Beach,320,2020-10-26 22:17:20.183000000,,No,,No,No,No,No,No,No,,,
OG110FQ,Huntington Beach,320,2020-10-26 23:44:09.673000000,400,No,,Yes,No,No,No,No,No,04,,
OG110FQ,Huntington Beach,320,2021-01-27 18:13:35.103000000,400,No,,Yes,No,No,No,No,No,04,,
OG110FQ,Huntington Beach,320,2021-01-27 19:23:56.403000000,,No,,No,No,No,No,No,No,,,
OG110FQ,Inglewood,324,2020-08-27 20:42:41.067000000,208,Yes,,No,No,No,No,No,No,09,,
OG110FQ,Inglewood,324,2020-10-01 17:04:38.933000000,286,Yes,,No,No,No,No,No,No,09,,
OG110FQ,Jacalitos,326,2020-04-30 16:40:59.530000000,7315,No,,No,No,No,No,No,No,05,,
OG110FQ,Jacalitos,326,2020-04-30 16:40:59.530000000,7315,No,,Yes,No,No,No,No,No,05,,
OG110FQ,Jacalitos,326,2020-05-07 20:58:02.440000000,,No,,No,No,No,No,No,No,,,
OG110FQ,Jacalitos,326,2020-05-11 20:47:23.100000000,,No,,No,No,No,No,No,No,,,
OG110FQ,Jacalitos,326,2020-07-31 20:18:29.133000000,7315,No,,No,No,No,No,No,No,05,,
OG110FQ,Jacalitos,326,2020-07-31 20:18:29.133000000,7315,No,,Yes,No,No,No,No,No,05,,
OG110FQ,Jacalitos,326,2020-08-06 21:13:26.440000000,,No,,No,No,No,No,No,No,,,
OG110FQ,Jacalitos,326,2020-10-30 20:18:52.617000000,540,No,,Yes,No,No,No,No,No,05,,
OG110FQ,Jacalitos,326,2020-10-30 20:18:52.617000000,7315,No,,No,No,No,No,No,No,05,,
OG110FQ,Jacalitos,326,2020-10-30 20:18:52.617000000,7315,No,,Yes,No,No,No,No,No,05,,
OG110FQ,Jacalitos,326,2020-11-04 00:30:24.333000000,,No,,No,No,No,No,No,No,,,
OG110FQ,Jacalitos,326,2021-02-01 02:53:13.953000000,540,No,,Yes,No,No,No,No,No,05,,
OG110FQ,Jacalitos,326,2021-02-01 02:53:13.953000000,7315,No,,No,No,No,No,No,No,05,,
OG110FQ,Jacalitos,326,2021-02-01 02:53:13.953000000,7315,No,,Yes,No,No,No,No,No,05,,
OG110FQ,Jacalitos,326,2021-02-09 23:50:35.913000000,,No,,No,No,No,No,No,No,,,
OG110FQ,Jasmin,328,2021-03-31 21:06:59.543000000,,No,,No,No,No,No,No,No,,,
OG110FQ,Jasmin,328,2021-03-31 21:19:29.903000000,,No,,No,No,No,No,No,No,,,
OG110FQ,Jasmin,328,2021-03-31 21:53:46.583000000,,No,,No,No,No,No,No,No,,,
OG110FQ,Jasmin,328,2021-03-31 22:00:32.773000000,,No,,No,No,No,No,No,No,,,
OG110FQ,Kern Bluff,336,2020-04-28 23:15:57.990000000,174067,No,,Yes,No,No,No,No,No,01,,
OG110FQ,Kern Bluff,336,2020-08-10 19:36:02.283000000,169538,No,,Yes,No,No,No,No,No,01,,
OG110FQ,Kern Bluff,336,2020-08-25 21:09:03.727000000,,No,,No,No,No,No,No,No,,,
OG110FQ,Kern Bluff,336,2020-08-25 21:18:19.080000000,,No,,No,No,No,No,No,No,,,
OG110FQ,Kern Bluff,336,2020-10-22 18:57:36.210000000,215464,No,,Yes,No,No,No,No,No,01,,
OG110FQ,Kern Bluff,336,2020-11-03 20:33:10.900000000,,No,,No,No,No,No,No,No,,,
OG110FQ,Kern Bluff,336,2021-01-18 22:16:54.820000000,,No,,No,No,No,No,No,No,,,
OG110FQ,Kern Bluff,336,2021-01-28 18:20:24.337000000,210820,No,,Yes,No,No,No,No,No,01,,
OG110FQ,Kern Bluff,336,2021-02-03 20:47:07.820000000,,No,,No,No,No,No,No,No,,,
OG110FQ,Kern Front,338,2020-04-17 23:33:08.660000000,,No,,No,No,No,No,No,No,,,
OG110FQ,Kern Front,338,2020-04-27 22:44:41.303000000,,No,,No,No,No,No,No,No,,,
OG110FQ,Kern Front,338,2020-05-07 20:58:02.490000000,,No,,No,No,No,No,No,No,,,
OG110FQ,Kern Front,338,2020-07-15 16:21:39.220000000,,No,,No,No,No,No,No,No,,,
OG110FQ,Kern Front,338,2020-07-30 21:44:24.747000000,,No,,No,No,No,No,No,No,,,
OG110FQ,Kern Front,338,2020-08-06 21:13:26.490000000,,No,,No,No,No,No,No,No,,,
OG110FQ,Kern Front,338,2020-10-07 20:21:59.223000000,,No,,No,No,No,No,No,No,,,
OG110FQ,Kern Front,338,2020-10-29 19:19:18.117000000,,No,,No,No,No,No,No,No,,,
OG110FQ,Kern Front,338,2020-11-04 00:30:24.380000000,,No,,No,No,No,No,No,No,,,
OG110FQ,Kern Front,338,2021-01-07 18:29:43.967000000,,No,,No,No,No,No,No,No,,,
OG110FQ,Kern Front,338,2021-01-27 19:41:57.313000000,,No,,No,No,No,No,No,No,,,
OG110FQ,Kern Front,338,2021-02-09 23:50:35.957000000,,No,,No,No,No,No,No,No,,,
OG110FQ,Kern Front,338,2021-03-31 21:06:59.590000000,,No,,No,No,No,No,No,No,,,
OG110FQ,Kern Front,338,2021-03-31 21:19:29.933000000,,No,,No,No,No,No,No,No,,,
OG110FQ,Kern Front,338,2021-03-31 21:53:46.630000000,,No,,No,No,No,No,No,No,,,
OG110FQ,Kern Front,338,2021-03-31 22:00:32.867000000,,No,,No,No,No,No,No,No,,,
OG110FQ,Kern River,340,2020-05-06 20:39:51.823000000,,No,,No,No,No,No,No,No,,,
OG110FQ,Kern River,340,2020-08-04 22:00:04.233000000,,No,,No,No,No,No,No,No,,,
OG110FQ,Kern River,340,2020-11-23 22:41:16.287000000,,No,,No,No,No,No,No,No,,,
OG110FQ,Kern River,340,2021-01-12 21:36:34.700000000,,No,,No,No,No,No,No,No,,,
OG110FQ,King Island Gas,351,2020-04-28 23:31:42.727000000,,No,,No,No,No,No,No,No,,,
OG110FQ,King Island Gas,351,2020-07-31 16:50:40.100000000,,No,,No,No,No,No,No,No,,,
OG110FQ,King Island Gas,351,2020-10-30 00:11:36.760000000,,No,,No,No,No,No,No,No,,,
OG110FQ,King Island Gas,351,2021-01-28 01:26:20.860000000,,No,,No,No,No,No,No,No,,,
OG110FQ,Kirby Hill Gas,352,2020-04-29 16:41:21.320000000,98,No,,No,No,No,No,No,No,06,,
OG110FQ,Kirby Hill Gas,352,2020-07-31 18:26:08.150000000,10,No,,No,No,No,No,No,No,06,,
OG110FQ,Kirby Hill Gas,352,2020-10-29 17:27:10.017000000,10,No,,No,No,No,No,No,No,06,,
OG110FQ,Kirby Hill Gas,352,2021-01-28 23:35:59.710000000,132,No,,No,No,No,No,No,No,06,,
OG110FQ,Kirk Gas,356,2020-09-30 16:25:52.733000000,,No,,No,No,No,No,No,No,,,
OG110FQ,Kirk Gas,356,2020-09-30 16:29:53.007000000,,No,,No,No,No,No,No,No,,,
OG110FQ,La Goleta Gas,368,2020-04-24 19:41:23.993000000,5663,Yes,,No,No,No,No,No,No,,,
OG110FQ,La Goleta Gas,368,2020-07-29 00:19:15.010000000,7943,Yes,,No,No,No,No,No,No,,,
OG110FQ,La Goleta Gas,368,2020-10-28 22:49:58.400000000,6964,Yes,,No,No,No,No,No,No,,,
OG110FQ,La Goleta Gas,368,2021-01-28 22:10:40.040000000,6287,Yes,,No,No,No,No,No,No,,,
OG110FQ,Las Cienegas,382,2020-08-27 20:42:41.167000000,39,Yes,,No,No,No,No,No,No,09,,
OG110FQ,Las Cienegas,382,2020-10-01 17:04:39.023000000,18,Yes,,No,No,No,No,No,No,09,,
OG110FQ,Lindsey Slough Gas,402,2020-04-27 18:59:00.960000000,,No,,No,No,No,No,No,No,,,
OG110FQ,Lindsey Slough Gas,402,2020-07-24 21:37:23.740000000,,No,,No,No,No,No,No,No,,,
OG110FQ,Lindsey Slough Gas,402,2020-09-30 16:25:54.090000000,,No,,No,No,No,No,No,No,,,
OG110FQ,Lindsey Slough Gas,402,2020-09-30 16:29:54.303000000,,No,,No,No,No,No,No,No,,,
OG110FQ,Lindsey Slough Gas,402,2020-10-21 22:20:31.520000000,,No,,No,No,No,No,No,No,,,
OG110FQ,Lindsey Slough Gas,402,2021-01-15 18:26:24.430000000,,No,,No,No,No,No,No,No,,,
OG110FQ,Lodi Gas,408,2020-04-29 16:41:21.367000000,2046,No,,No,Yes,No,No,No,No,05,,
OG110FQ,Lodi Gas,408,2020-07-31 18:26:08.200000000,2298,No,,No,Yes,No,No,No,No,05,,
OG110FQ,Lodi Gas,408,2020-10-29 17:27:10.063000000,3861,No,,No,Yes,No,No,No,No,05,,
OG110FQ,Lodi Gas,408,2021-01-28 23:35:59.757000000,3054,No,,No,Yes,No,No,No,No,05,,
OG110FQ,Lompoc,410,2020-06-19 22:42:07.153000000,1363,Yes,,No,No,No,No,No,No,09,,
OG110FQ,Lompoc,410,2020-07-30 21:21:53.973000000,908,Yes,,No,No,No,No,No,No,09,,
OG110FQ,Lompoc,410,2020-10-26 21:49:04.030000000,845,Yes,,No,No,No,No,No,No,09,,
OG110FQ,Lompoc,410,2021-02-25 16:28:37.633000000,356,Yes,,No,No,No,No,No,No,09,,
OG110FQ,Long Beach,412,2020-04-29 16:22:35.817000000,2175,No,,Yes,No,No,No,No,No,04,,
OG110FQ,Long Beach,412,2020-04-30 21:50:09.480000000,,No,,No,No,No,No,No,No,,,
OG110FQ,Long Beach,412,2020-07-30 16:37:38.967000000,,No,,No,No,No,No,No,No,,,
OG110FQ,Long Beach,412,2020-08-14 18:55:01.943000000,,No,,No,No,No,No,No,No,,,
OG110FQ,Long Beach,412,2020-10-09 20:11:12.713000000,,No,,No,No,No,No,No,No,,,
OG110FQ,Long Beach,412,2020-10-30 16:24:42.093000000,,No,,No,No,No,No,No,No,,,
OG110FQ,Long Beach,412,2020-11-10 18:12:05.340000000,,No,,No,No,No,No,No,No,,,
OG110FQ,Long Beach,412,2020-11-10 19:53:32.727000000,,No,,No,No,No,No,No,No,,,
OG110FQ,Long Beach,412,2020-11-11 23:35:58.783000000,,No,,No,No,No,No,No,No,,,
OG110FQ,Long Beach,412,2021-01-29 16:23:29.607000000,,No,,No,No,No,No,No,No,,,
OG110FQ,Long Beach,412,2021-02-03 17:48:58.980000000,,No,,No,No,No,No,No,No,,,
OG110FQ,Long Beach,412,2021-02-03 22:02:58.610000000,,No,,No,No,No,No,No,No,,,
OG110FQ,Long Beach Airport,414,2020-04-30 21:50:09.523000000,,No,,No,No,No,No,No,No,,,
OG110FQ,Long Beach Airport,414,2020-07-30 16:37:39.010000000,,No,,No,No,No,No,No,No,,,
OG110FQ,Long Beach Airport,414,2020-10-30 16:24:42.140000000,,No,,No,No,No,No,No,No,,,
OG110FQ,Long Beach Airport,414,2021-01-29 16:23:29.650000000,,No,,No,No,No,No,No,No,,,
OG110FQ,Los Alamos,420,2020-04-28 17:05:31.837000000,,No,,No,No,No,No,No,No,,,
OG110FQ,Los Alamos,420,2020-08-03 16:17:11.530000000,,No,,No,No,No,No,No,No,,,
OG110FQ,Los Alamos,420,2020-11-02 17:21:40.893000000,,No,,No,No,No,No,No,No,,,
OG110FQ,Los Alamos,420,2021-01-12 17:50:16.617000000,,No,,No,No,No,No,No,No,,,
OG110FQ,Los Angeles  East,426,2020-04-24 14:30:31.760000000,835,No,,Yes,No,No,No,No,No,04,,
OG110FQ,Los Angeles  East,426,2020-07-16 16:00:26.283000000,2573,No,,Yes,No,No,No,No,No,04,,
OG110FQ,Los Angeles  East,426,2020-10-21 13:49:52.330000000,511,No,,Yes,No,No,No,No,No,04,,
OG110FQ,Los Angeles  East,426,2021-01-26 16:25:49.450000000,,No,,No,No,No,No,No,No,,,
OG110FQ,Los Medanos Gas,430,2020-04-28 23:31:42.773000000,,No,,No,No,No,No,No,No,,,
OG110FQ,Los Medanos Gas,430,2020-07-31 16:50:40.177000000,,No,,No,No,No,No,No,No,,,
OG110FQ,Los Medanos Gas,430,2020-10-30 00:11:36.810000000,,No,,No,No,No,No,No,No,,,
OG110FQ,Los Medanos Gas,430,2021-01-28 01:26:20.907000000,1600,Yes,,No,No,No,No,Yes,No,12,,
OG110FQ,Lost Hills,432,2020-05-01 06:49:25.677000000,9700,Yes,,No,Yes,No,No,No,No,08,,
OG110FQ,Lost Hills,432,2020-05-01 06:49:25.677000000,36340,No,,No,No,Yes,No,No,No,05,,
OG110FQ,Lost Hills,432,2020-05-01 06:49:25.677000000,36340,No,,Yes,No,No,No,No,No,05,,
OG110FQ,Lost Hills,432,2020-05-11 20:47:23.153000000,1590286,Yes,,No,No,No,No,No,No,05,,06
OG110FQ,Lost Hills,432,2020-07-28 18:59:56.873000000,9700,Yes,,No,Yes,No,No,No,No,08,,
OG110FQ,Lost Hills,432,2020-07-28 18:59:56.873000000,36340,No,,No,No,Yes,No,No,No,05,,
OG110FQ,Lost Hills,432,2020-07-28 18:59:56.873000000,36340,No,,Yes,No,No,No,No,No,05,,
OG110FQ,Lost Hills,432,2020-11-05 16:53:36.177000000,9700,Yes,,No,Yes,No,No,No,No,08,,
OG110FQ,Lost Hills,432,2020-11-05 16:53:36.177000000,36340,No,,No,No,Yes,No,No,No,05,,
OG110FQ,Lost Hills,432,2020-11-05 16:53:36.177000000,36340,No,,Yes,No,No,No,No,No,05,,
OG110FQ,Lost Hills,432,2020-12-24 17:27:43.250000000,1153472,Yes,,No,No,No,No,No,No,05,,06
OG110FQ,Lost Hills,432,2020-12-24 18:28:48.053000000,1259413,Yes,,No,No,No,No,No,No,05,,06
OG110FQ,Lost Hills,432,2021-01-26 17:43:39.030000000,9700,Yes,,No,Yes,No,No,No,No,08,,
OG110FQ,Lost Hills,432,2021-01-26 17:43:39.030000000,36340,No,,No,No,Yes,No,No,No,05,,
OG110FQ,Lost Hills,432,2021-01-26 17:43:39.030000000,36340,No,,Yes,No,No,No,No,No,05,,
OG110FQ,Lost Hills,432,2021-01-28 16:07:16.367000000,1465289,Yes,,No,No,No,No,No,No,05,,06
OG110FQ,Lost Hills  Northwest,434,2020-04-30 16:40:59.580000000,16,No,,Yes,No,No,No,No,No,07,,
OG110FQ,Lost Hills  Northwest,434,2020-05-11 20:47:23.203000000,,No,,No,No,No,No,No,No,,,
OG110FQ,Lost Hills  Northwest,434,2020-07-31 20:18:29.187000000,16,No,,Yes,No,No,No,No,No,07,,
OG110FQ,Lost Hills  Northwest,434,2020-09-30 16:25:53.950000000,,No,,No,No,No,No,No,No,,,
OG110FQ,Lost Hills  Northwest,434,2020-09-30 16:29:54.160000000,,No,,No,No,No,No,No,No,,,
OG110FQ,Lost Hills  Northwest,434,2020-10-30 20:18:52.663000000,16,No,,Yes,No,No,No,No,No,07,,
OG110FQ,Lost Hills  Northwest,434,2020-12-24 17:27:43.283000000,,No,,No,No,No,No,No,No,,,
OG110FQ,Lost Hills  Northwest,434,2020-12-24 18:28:48.180000000,,No,,No,No,No,No,No,No,,,
OG110FQ,Lost Hills  Northwest,434,2021-01-28 16:07:16.400000000,,No,,No,No,No,No,No,No,,,
OG110FQ,Lost Hills  Northwest,434,2021-02-01 02:53:14.007000000,16,No,,Yes,No,No,No,No,No,07,,
OG110FQ,McCool Ranch,448,2020-05-07 20:58:02.540000000,,No,,No,No,No,No,No,No,,,
OG110FQ,McCool Ranch,448,2020-08-06 21:13:26.540000000,,No,,No,No,No,No,No,No,,,
OG110FQ,McCool Ranch,448,2020-11-04 00:30:24.443000000,,No,,No,No,No,No,No,No,,,
OG110FQ,McCool Ranch,448,2021-02-09 23:50:36,,No,,No,No,No,No,No,No,,,
OG110FQ,McDonald Anticline,450,2020-04-01 18:58:34.553000000,298,No,,Yes,No,No,No,No,No,01,,
OG110FQ,McDonald Anticline,450,2020-04-08 20:35:10.960000000,,No,,No,No,No,No,No,No,,,
OG110FQ,McDonald Anticline,450,2020-07-06 18:18:45.587000000,98,No,,Yes,No,No,No,No,No,01,,
OG110FQ,McDonald Anticline,450,2020-08-11 22:08:21.590000000,,No,,No,No,No,No,No,No,,,
OG110FQ,McDonald Anticline,450,2020-10-05 21:29:39.120000000,245,No,,Yes,No,No,No,No,No,01,,
OG110FQ,McDonald Anticline,450,2020-11-13 21:50:59.490000000,,No,,No,No,No,No,No,No,,,
OG110FQ,McDonald Anticline,450,2021-01-04 21:47:32.520000000,294,No,,Yes,No,No,No,No,No,01,,
OG110FQ,McDonald Anticline,450,2021-01-26 22:36:24.037000000,,No,,No,No,No,No,No,No,,,
OG110FQ,McDonald Island Gas,452,2020-04-28 23:31:42.817000000,1950,Yes,,No,No,No,No,Yes,No,12,,
OG110FQ,McDonald Island Gas,452,2020-07-31 16:50:40.227000000,11816,Yes,,No,No,No,No,Yes,No,12,,
OG110FQ,McDonald Island Gas,452,2020-10-30 00:11:36.840000000,8930,Yes,,No,No,No,No,Yes,No,12,,
OG110FQ,McDonald Island Gas,452,2021-01-28 01:26:20.953000000,3550,Yes,,No,No,No,No,Yes,No,12,,
OG110FQ,McKittrick,454,2020-05-01 06:49:25.747000000,,No,,No,No,No,No,No,No,,,
OG110FQ,McKittrick,454,2020-06-19 22:42:07.203000000,20,Yes,,No,No,No,No,No,No,12,,
OG110FQ,McKittrick,454,2020-07-28 18:59:56.917000000,,No,,No,No,No,No,No,No,,,
OG110FQ,McKittrick,454,2020-10-26 21:49:04.077000000,120,Yes,,No,No,No,No,No,No,12,,
OG110FQ,McKittrick,454,2020-11-05 16:53:36.223000000,,No,,No,No,No,No,No,No,,,
OG110FQ,McKittrick,454,2021-01-26 17:43:39.080000000,,No,,No,No,No,No,No,No,,,
OG110FQ,Midway-Sunset,464,2020-04-06 23:13:58.860000000,4422430,No,,No,No,No,No,Yes,No,01,,
OG110FQ,Midway-Sunset,464,2020-04-06 23:13:58.860000000,4422430,No,,Yes,No,No,No,No,No,01,,
OG110FQ,Midway-Sunset,464,2020-04-27 21:37:16.167000000,,No,,No,No,No,No,No,No,,,
OG110FQ,Midway-Sunset,464,2020-04-27 22:05:51.833000000,,No,,No,No,No,No,No,No,,,
OG110FQ,Midway-Sunset,464,2020-04-27 22:09:52.283000000,59480,No,,Yes,No,No,No,No,No,,,
OG110FQ,Midway-Sunset,464,2020-04-27 22:44:41.350000000,,No,,No,No,No,No,No,No,,,
OG110FQ,Midway-Sunset,464,2020-04-30 16:40:59.693000000,1295,No,,Yes,No,No,No,No,No,06,,
OG110FQ,Midway-Sunset,464,2020-05-01 06:49:25.813000000,1300,Yes,,No,No,No,No,No,No,08,,
OG110FQ,Midway-Sunset,464,2020-05-01 06:49:25.813000000,151130,No,,No,No,Yes,No,No,No,05,,
OG110FQ,Midway-Sunset,464,2020-05-01 06:49:25.813000000,151130,No,,Yes,No,No,No,No,No,05,,
OG110FQ,Midway-Sunset,464,2020-05-11 20:47:23.253000000,,No,,No,No,No,No,No,No,,,
OG110FQ,Midway-Sunset,464,2020-05-14 22:31:21.987000000,,No,,No,No,No,No,No,No,,,
OG110FQ,Midway-Sunset,464,2020-06-06 23:39:51.163000000,,No,,No,No,No,No,No,No,,,
OG110FQ,Midway-Sunset,464,2020-06-19 22:42:07.303000000,120,Yes,,No,No,No,No,No,No,12,,
OG110FQ,Midway-Sunset,464,2020-07-07 21:23:29.767000000,3294766,No,,No,No,No,No,Yes,No,01,,
OG110FQ,Midway-Sunset,464,2020-07-28 18:59:56.957000000,1300,Yes,,No,No,No,No,No,No,08,,
OG110FQ,Midway-Sunset,464,2020-07-28 18:59:56.957000000,151130,No,,No,No,Yes,No,No,No,05,,
OG110FQ,Midway-Sunset,464,2020-07-28 18:59:56.957000000,151130,No,,Yes,No,No,No,No,No,05,,
OG110FQ,Midway-Sunset,464,2020-07-30 19:56:48.250000000,,No,,No,No,No,No,No,No,,,
OG110FQ,Midway-Sunset,464,2020-07-30 21:21:54.013000000,1500,Yes,,No,No,No,No,No,No,09,,
OG110FQ,Midway-Sunset,464,2020-07-30 21:44:24.790000000,,No,,No,No,No,No,No,No,,,
OG110FQ,Midway-Sunset,464,2020-07-31 20:18:29.297000000,1295,No,,Yes,No,No,No,No,No,06,,
OG110FQ,Midway-Sunset,464,2020-07-31 21:16:48.087000000,53980,No,,Yes,No,No,No,No,No,,,
OG110FQ,Midway-Sunset,464,2020-08-05 20:37:23.147000000,,No,,No,No,No,No,No,No,,,
OG110FQ,Midway-Sunset,464,2020-10-08 22:45:24.350000000,3892606,No,,Yes,No,No,No,No,No,01,,
OG110FQ,Midway-Sunset,464,2020-10-26 21:49:04.123000000,1500,Yes,,No,No,No,No,No,No,09,,
OG110FQ,Midway-Sunset,464,2020-10-27 15:33:14.180000000,136,No,,No,No,No,No,No,No,01,,
OG110FQ,Midway-Sunset,464,2020-10-29 18:47:00.190000000,,No,,No,No,No,No,No,No,,,
OG110FQ,Midway-Sunset,464,2020-10-29 19:01:01.357000000,,No,,No,No,No,No,No,No,,,
OG110FQ,Midway-Sunset,464,2020-10-29 19:19:18.163000000,,No,,No,No,No,No,No,No,,,
OG110FQ,Midway-Sunset,464,2020-10-30 20:18:52.773000000,1295,No,,Yes,No,No,No,No,No,06,,
OG110FQ,Midway-Sunset,464,2020-11-05 16:53:36.257000000,1300,Yes,,No,No,No,No,No,No,08,,
OG110FQ,Midway-Sunset,464,2020-11-05 16:53:36.257000000,151130,No,,No,No,Yes,No,No,No,05,,
OG110FQ,Midway-Sunset,464,2020-11-05 16:53:36.257000000,151130,No,,Yes,No,No,No,No,No,05,,
OG110FQ,Midway-Sunset,464,2020-12-24 17:27:43.330000000,,No,,No,No,No,No,No,No,,,
OG110FQ,Midway-Sunset,464,2020-12-24 18:28:48.320000000,,No,,No,No,No,No,No,No,,,
OG110FQ,Midway-Sunset,464,2020-12-30 20:59:59.727000000,53235,No,,Yes,No,No,No,No,No,,,
OG110FQ,Midway-Sunset,464,2021-01-12 00:27:31.643000000,3800010,No,,No,No,No,No,No,No,01,,
OG110FQ,Midway-Sunset,464,2021-01-14 08:35:31.667000000,,No,,No,No,No,No,No,No,,,
OG110FQ,Midway-Sunset,464,2021-01-15 21:27:03.350000000,,No,,No,No,No,No,No,No,,,
OG110FQ,Midway-Sunset,464,2021-01-20 21:32:50.277000000,,No,,No,No,No,No,No,No,,,
OG110FQ,Midway-Sunset,464,2021-01-25 20:37:00.440000000,90,No,,No,No,No,No,No,No,01,,
OG110FQ,Midway-Sunset,464,2021-01-26 17:43:39.110000000,1300,Yes,,No,No,No,No,No,No,08,,
OG110FQ,Midway-Sunset,464,2021-01-26 17:43:39.110000000,151130,No,,No,No,Yes,No,No,No,05,,
OG110FQ,Midway-Sunset,464,2021-01-26 17:43:39.110000000,151130,No,,Yes,No,No,No,No,No,05,,
OG110FQ,Midway-Sunset,464,2021-01-27 19:41:57.360000000,,No,,No,No,No,No,No,No,,,
OG110FQ,Midway-Sunset,464,2021-01-27 20:17:46.173000000,,No,,No,No,No,No,No,No,,,
OG110FQ,Midway-Sunset,464,2021-01-28 16:07:16.447000000,,No,,No,No,No,No,No,No,,,
OG110FQ,Midway-Sunset,464,2021-01-29 21:08:46.943000000,32748,Yes,,No,No,No,No,Yes,No,,,
OG110FQ,Midway-Sunset,464,2021-01-29 21:08:46.943000000,50800,No,,Yes,No,No,No,No,No,,,
OG110FQ,Midway-Sunset,464,2021-01-29 21:12:02.157000000,500,No,,No,No,No,No,Yes,No,10,,
OG110FQ,Midway-Sunset,464,2021-01-29 21:12:02.157000000,500,No,,Yes,No,No,No,No,No,10,,
OG110FQ,Midway-Sunset,464,2021-01-29 21:12:02.157000000,3958,Yes,,No,No,No,No,No,No,,,
OG110FQ,Midway-Sunset,464,2021-01-29 21:12:02.157000000,4800,No,,No,No,No,No,Yes,No,,,
OG110FQ,Midway-Sunset,464,2021-01-29 21:12:02.157000000,4800,No,,Yes,No,No,No,No,No,,,
OG110FQ,Midway-Sunset,464,2021-01-29 21:12:02.157000000,31400,No,,No,No,No,No,Yes,No,10,,
OG110FQ,Midway-Sunset,464,2021-01-29 21:12:02.157000000,31400,No,,Yes,No,No,No,No,No,10,,
OG110FQ,Midway-Sunset,464,2021-01-29 21:12:02.157000000,87400,No,,No,No,No,No,Yes,No,10,,
OG110FQ,Midway-Sunset,464,2021-01-29 21:12:02.157000000,87400,No,,Yes,No,No,No,No,No,10,,
OG110FQ,Midway-Sunset,464,2021-01-29 21:17:02.793000000,500,No,,No,No,No,No,Yes,No,10,,
OG110FQ,Midway-Sunset,464,2021-01-29 21:17:02.793000000,500,No,,Yes,No,No,No,No,No,10,,
OG110FQ,Midway-Sunset,464,2021-01-29 21:17:02.793000000,3958,Yes,,No,No,No,No,No,No,,,
OG110FQ,Midway-Sunset,464,2021-01-29 21:17:02.793000000,4800,No,,No,No,No,No,Yes,No,,,
OG110FQ,Midway-Sunset,464,2021-01-29 21:17:02.793000000,4800,No,,Yes,No,No,No,No,No,,,
OG110FQ,Midway-Sunset,464,2021-01-29 21:17:02.793000000,31400,No,,No,No,No,No,Yes,No,10,,
OG110FQ,Midway-Sunset,464,2021-01-29 21:17:02.793000000,31400,No,,Yes,No,No,No,No,No,10,,
OG110FQ,Midway-Sunset,464,2021-01-29 21:17:02.793000000,87400,No,,No,No,No,No,Yes,No,10,,
OG110FQ,Midway-Sunset,464,2021-01-29 21:17:02.793000000,87400,No,,Yes,No,No,No,No,No,10,,
OG110FQ,Midway-Sunset,464,2021-02-01 02:53:14.130000000,1295,No,,Yes,No,No,No,No,No,06,,
OG110FQ,Midway-Sunset,464,2021-02-01 17:57:09.390000000,500,No,,No,No,No,No,Yes,No,10,,
OG110FQ,Midway-Sunset,464,2021-02-01 17:57:09.390000000,500,No,,Yes,No,No,No,No,No,10,,
OG110FQ,Midway-Sunset,464,2021-02-01 17:57:09.390000000,3958,Yes,,No,No,No,No,No,No,,,
OG110FQ,Midway-Sunset,464,2021-02-01 17:57:09.390000000,4800,No,,No,No,No,No,Yes,No,,,
OG110FQ,Midway-Sunset,464,2021-02-01 17:57:09.390000000,4800,No,,Yes,No,No,No,No,No,,,
OG110FQ,Midway-Sunset,464,2021-02-01 17:57:09.390000000,31400,No,,No,No,No,No,Yes,No,10,,
OG110FQ,Midway-Sunset,464,2021-02-01 17:57:09.390000000,31400,No,,Yes,No,No,No,No,No,10,,
OG110FQ,Midway-Sunset,464,2021-02-01 17:57:09.390000000,87400,No,,No,No,No,No,Yes,No,10,,
OG110FQ,Midway-Sunset,464,2021-02-01 17:57:09.390000000,87400,No,,Yes,No,No,No,No,No,10,,
OG110FQ,Midway-Sunset,464,2021-02-10 22:59:11.447000000,50300,No,,Yes,No,No,No,No,No,,,
OG110FQ,Midway-Sunset,464,2021-02-12 23:01:17.457000000,60814,No,,Yes,No,No,No,No,No,01,,
OG110FQ,Midway-Sunset,464,2021-02-12 23:04:17.677000000,47132,No,,Yes,No,No,No,No,No,01,,
OG110FQ,Midway-Sunset,464,2021-02-12 23:06:32.680000000,37925,No,,Yes,No,No,No,No,No,01,,
OG110FQ,Midway-Sunset,464,2021-02-12 23:09:02.793000000,70206,No,,Yes,No,No,No,No,No,01,,
OG110FQ,Midway-Sunset,464,2021-02-17 08:33:11.930000000,,No,,No,No,No,No,No,No,,,
OG110FQ,Midway-Sunset,464,2021-02-25 16:28:37.680000000,1500,Yes,,No,No,No,No,No,No,09,,
OG110FQ,Midway-Sunset,464,2021-02-25 17:05:19.007000000,,No,,No,No,No,No,No,No,,,
OG110FQ,Midway-Sunset,464,2021-02-25 17:07:04.177000000,,No,,No,No,No,No,No,No,,,
OG110FQ,Midway-Sunset,464,2021-02-25 17:08:34.143000000,,No,,No,No,No,No,No,No,,,
OG110FQ,Moffat Ranch Gas,470,2020-04-29 21:02:38.140000000,,No,,No,No,No,No,No,No,,,
OG110FQ,Moffat Ranch Gas,470,2020-07-28 21:28:22.167000000,,No,,No,No,No,No,No,No,,,
OG110FQ,Moffat Ranch Gas,470,2020-10-23 15:15:34.427000000,,No,,No,No,No,No,No,No,,,
OG110FQ,Moffat Ranch Gas,470,2021-01-27 18:33:51.910000000,,No,,No,No,No,No,No,No,,,
OG110FQ,Montebello,478,2020-04-24 19:41:24.040000000,1781,Yes,,No,No,No,No,No,No,,,
OG110FQ,Montebello,478,2020-07-29 00:19:15.057000000,,No,,No,No,No,No,No,No,,,
OG110FQ,Montebello,478,2020-08-27 20:42:41.293000000,10085,Yes,,No,No,No,No,No,No,09,,
OG110FQ,Montebello,478,2020-10-01 17:04:39.123000000,866,Yes,,No,No,No,No,No,No,09,,
OG110FQ,Montebello,478,2020-10-28 22:49:58.477000000,,No,,No,No,No,No,No,No,,,
OG110FQ,Montebello,478,2021-01-28 22:10:40.073000000,,No,,No,No,No,No,No,No,,,
OG110FQ,Mount Poso,488,2020-04-27 22:09:52.327000000,34580,No,,Yes,No,No,No,No,No,,,
OG110FQ,Mount Poso,488,2020-04-28 23:15:58.040000000,102473,No,,Yes,No,No,No,No,No,01,,
OG110FQ,Mount Poso,488,2020-05-19 01:13:48.880000000,663969,Yes,,Yes,No,No,No,No,No,05,,
OG110FQ,Mount Poso,488,2020-06-03 21:10:10.693000000,81291,No,,Yes,No,No,No,No,No,,,
OG110FQ,Mount Poso,488,2020-07-31 21:16:48.137000000,35180,No,,Yes,No,No,No,No,No,,,
OG110FQ,Mount Poso,488,2020-08-10 19:36:02.330000000,115956,No,,Yes,No,No,No,No,No,01,,
OG110FQ,Mount Poso,488,2020-09-08 19:21:45.397000000,66864,No,,Yes,No,No,No,No,No,,,
OG110FQ,Mount Poso,488,2020-10-22 18:57:36.260000000,136703,No,,Yes,No,No,No,No,No,01,,
OG110FQ,Mount Poso,488,2020-12-30 20:59:59.790000000,23490,No,,Yes,No,No,No,No,No,,,
OG110FQ,Mount Poso,488,2021-01-28 18:20:24.383000000,136093,No,,Yes,No,No,No,No,No,01,,
OG110FQ,Mount Poso,488,2021-01-31 01:11:23.850000000,566087,Yes,,Yes,No,No,No,No,No,,,
OG110FQ,Mount Poso,488,2021-01-31 01:30:24.487000000,652675,Yes,,Yes,No,No,No,No,No,,,
OG110FQ,Mount Poso,488,2021-01-31 01:50:25.157000000,676770,Yes,,Yes,No,No,No,No,No,,,
OG110FQ,Mount Poso,488,2021-02-10 22:59:11.493000000,41015,No,,Yes,No,No,No,No,No,,,
OG110FQ,Mount Poso,488,2021-02-17 23:04:37.197000000,98966,No,,Yes,No,No,No,No,No,,,
OG110FQ,Mount Poso,488,2021-02-17 23:39:25.290000000,87431,No,,Yes,No,No,No,No,No,,,
OG110FQ,Mountain View,490,2020-04-27 22:09:52.370000000,,No,,No,No,No,No,No,No,,,
OG110FQ,Mountain View,490,2020-04-30 21:50:09.570000000,,No,,No,No,No,No,No,No,,,
OG110FQ,Mountain View,490,2020-05-04 15:55:20.317000000,9,No,,Yes,No,No,No,No,No,06,,
OG110FQ,Mountain View,490,2020-05-24 21:35:34.540000000,2,No,,No,No,No,No,No,No,12,,
OG110FQ,Mountain View,490,2020-05-24 22:00:28.710000000,9,No,,No,No,No,No,No,No,12,,
OG110FQ,Mountain View,490,2020-07-30 16:37:39.057000000,,No,,No,No,No,No,No,No,,,
OG110FQ,Mountain View,490,2020-07-31 21:16:48.193000000,,No,,No,No,No,No,No,No,,,
OG110FQ,Mountain View,490,2020-10-22 16:40:28.367000000,4,No,,No,No,No,No,No,No,12,,
OG110FQ,Mountain View,490,2020-10-27 22:56:08.467000000,1371,No,,No,No,No,No,No,No,12,,
OG110FQ,Mountain View,490,2020-10-28 16:13:32.553000000,1102,No,,No,No,No,No,No,No,12,,
OG110FQ,Mountain View,490,2020-10-30 16:24:42.170000000,,No,,No,No,No,No,No,No,,,
OG110FQ,Mountain View,490,2020-12-11 22:24:09.967000000,,No,,No,No,No,No,No,No,,,
OG110FQ,Mountain View,490,2020-12-11 22:34:10.660000000,,No,,No,No,No,No,No,No,,,
OG110FQ,Mountain View,490,2020-12-30 20:59:59.853000000,,No,,No,No,No,No,No,No,,,
OG110FQ,Mountain View,490,2021-01-18 22:16:54.870000000,,No,,No,No,No,No,No,No,,,
OG110FQ,Mountain View,490,2021-01-29 16:23:29.690000000,,No,,No,No,No,No,No,No,,,
OG110FQ,Mountain View,490,2021-02-01 23:51:56.880000000,,No,,No,No,No,No,No,No,,,
OG110FQ,Mountain View,490,2021-02-10 22:59:11.543000000,,No,,No,No,No,No,No,No,,,
OG110FQ,Mountain View,490,2021-02-17 00:25:07.437000000,542,No,,Yes,No,No,No,No,No,05,,
OG110FQ,Mountain View,490,2021-02-17 00:29:53.787000000,542,No,,Yes,No,No,No,No,No,05,,
OG110FQ,Mountain View,490,2021-02-17 00:36:24.297000000,560,No,,Yes,No,No,No,No,No,05,,
OG110FQ,Mountain View,490,2021-02-17 00:43:40.290000000,528,No,,Yes,No,No,No,No,No,05,,
OG110FQ,Mountain View,490,2021-03-31 21:06:59.637000000,,No,,No,No,No,No,No,No,,,
OG110FQ,Mountain View,490,2021-03-31 21:19:29.980000000,,No,,No,No,No,No,No,No,,,
OG110FQ,Mountain View,490,2021-03-31 21:53:46.660000000,,No,,No,No,No,No,No,No,,,
OG110FQ,Mountain View,490,2021-03-31 22:00:32.977000000,,No,,No,No,No,No,No,No,,,
OG110FQ,Newport,502,2021-02-23 21:24:31.393000000,,No,,No,No,No,No,No,No,,,
OG110FQ,Newport,502,2021-02-23 21:29:30.707000000,,No,,No,No,No,No,No,No,,,
OG110FQ,Newport,502,2021-02-23 21:31:15.567000000,,No,,No,No,No,No,No,No,,,
OG110FQ,Newport,502,2021-02-23 21:33:45.700000000,,No,,No,No,No,No,No,No,,,
OG110FQ,Newport  West,504,2020-04-27 18:59:01.007000000,,No,,No,No,No,No,No,No,,,
OG110FQ,Newport  West,504,2020-07-24 21:37:23.770000000,,No,,No,No,No,No,No,No,,,
OG110FQ,Newport  West,504,2020-10-21 22:20:31.630000000,,No,,No,No,No,No,No,No,,,
OG110FQ,Newport  West,504,2021-01-15 18:26:24.523000000,,No,,No,No,No,No,No,No,,,
OG110FQ,Oak Canyon,508,2020-04-30 21:50:09.620000000,,No,,No,No,No,No,No,No,,,
OG110FQ,Oak Canyon,508,2020-07-30 16:37:39.100000000,,No,,No,No,No,No,No,No,,,
OG110FQ,Oak Canyon,508,2020-10-30 16:24:42.217000000,,No,,No,No,No,No,No,No,,,
OG110FQ,Oak Canyon,508,2021-01-29 16:23:29.730000000,,No,,No,No,No,No,No,No,,,
OG110FQ,Oat Mountain,519,2020-04-30 21:50:09.670000000,,No,,No,No,No,No,No,No,,,
OG110FQ,Oat Mountain,519,2020-07-30 16:37:39.147000000,,No,,No,No,No,No,No,No,,,
OG110FQ,Oat Mountain,519,2020-10-30 16:24:42.263000000,,No,,No,No,No,No,No,No,,,
OG110FQ,Oat Mountain,519,2021-01-29 16:23:29.773000000,,No,,No,No,No,No,No,No,,,
OG110FQ,Ojai,520,2020-04-30 21:50:09.717000000,,No,,No,No,No,No,No,No,,,
OG110FQ,Ojai,520,2020-07-30 16:37:39.190000000,,No,,No,No,No,No,No,No,,,
OG110FQ,Ojai,520,2020-10-30 16:24:42.297000000,,No,,No,No,No,No,No,No,,,
OG110FQ,Ojai,520,2021-01-29 16:23:29.817000000,,No,,No,No,No,No,No,No,,,
OG110FQ,Ojai,520,2021-02-05 22:22:09.430000000,16,No,,No,No,No,No,No,No,06,,
OG110FQ,Ojai,520,2021-02-05 23:11:27.377000000,9,No,,No,No,No,No,No,No,06,,
OG110FQ,Ojai,520,2021-02-08 23:14:17.960000000,11,No,,No,No,No,No,No,No,06,,
OG110FQ,Ojai,520,2021-02-08 23:35:57.703000000,9,No,,No,No,No,No,No,No,06,,
OG110FQ,Orcutt,524,2020-12-23 16:14:40.160000000,,No,,No,No,No,No,No,No,,,
OG110FQ,Orcutt,524,2020-12-23 19:06:48.960000000,,No,,No,No,No,No,No,No,,,
OG110FQ,Orcutt,524,2020-12-28 15:50:54.257000000,,No,,No,No,No,No,No,No,,,
OG110FQ,Orcutt,524,2021-01-26 20:23:37.823000000,,No,,No,No,No,No,No,No,,,
OG110FQ,Oxnard,530,2020-04-28 19:20:00.747000000,,No,,No,No,No,No,No,No,,,
OG110FQ,Pioneer,544,2020-05-11 20:47:23.310000000,,No,,No,No,No,No,No,No,,,
OG110FQ,Pioneer,544,2020-12-24 17:27:43.377000000,,No,,No,No,No,No,No,No,,,
OG110FQ,Pioneer,544,2020-12-24 18:28:48.413000000,,No,,No,No,No,No,No,No,,,
OG110FQ,Pioneer,544,2021-01-28 16:07:16.477000000,,No,,No,No,No,No,No,No,,,
OG110FQ,Placerita,550,2021-01-29 21:08:47.030000000,4000,No,,No,No,No,No,No,No,,,
OG110FQ,Placerita,550,2021-01-29 21:08:47.030000000,36000,No,,Yes,No,No,No,No,No,,,
OG110FQ,Placerita,550,2021-01-29 21:12:02.260000000,4000,No,,No,No,No,No,No,No,,,
OG110FQ,Placerita,550,2021-01-29 21:12:02.260000000,36000,No,,Yes,No,No,No,No,No,,,
OG110FQ,Placerita,550,2021-01-29 21:17:02.947000000,4000,No,,No,No,No,No,No,No,,,
OG110FQ,Placerita,550,2021-01-29 21:17:02.947000000,36000,No,,Yes,No,No,No,No,No,,,
OG110FQ,Placerita,550,2021-02-01 17:57:09.497000000,4000,No,,No,No,No,No,No,No,,,
OG110FQ,Placerita,550,2021-02-01 17:57:09.497000000,36000,No,,Yes,No,No,No,No,No,,,
OG110FQ,Playa Del Rey,554,2020-04-24 19:41:24.087000000,32574,Yes,,No,No,No,No,No,No,,,
OG110FQ,Playa Del Rey,554,2020-07-29 00:19:15.107000000,41265,Yes,,No,No,No,No,No,No,,,
OG110FQ,Playa Del Rey,554,2020-10-28 22:49:58.540000000,49047,Yes,,No,No,No,No,No,No,,,
OG110FQ,Playa Del Rey,554,2021-01-28 22:10:40.120000000,44755,Yes,,No,No,No,No,No,No,,,
OG110FQ,Pleasant Creek Gas,556,2020-04-28 23:31:42.870000000,,No,,No,No,No,No,No,No,,,
OG110FQ,Pleasant Creek Gas,556,2020-07-31 16:50:40.280000000,,No,,No,No,No,No,No,No,,,
OG110FQ,Pleasant Creek Gas,556,2020-10-30 00:11:36.887000000,,No,,No,No,No,No,No,No,,,
OG110FQ,Pleasant Creek Gas,556,2021-01-28 01:26:21.017000000,,No,,No,No,No,No,No,No,,,
OG110FQ,Poso Creek,566,2020-04-17 23:33:08.703000000,,No,,No,No,No,No,No,No,,,
OG110FQ,Poso Creek,566,2020-07-15 16:21:39.253000000,,No,,No,No,No,No,No,No,,,
OG110FQ,Poso Creek,566,2020-10-07 20:21:59.263000000,,No,,No,No,No,No,No,No,,,
OG110FQ,Poso Creek,566,2021-01-07 18:29:44.013000000,,No,,No,No,No,No,No,No,,,
OG110FQ,Poso Creek,566,2021-01-29 21:08:47.070000000,97829,No,,No,No,No,No,Yes,No,,,
OG110FQ,Poso Creek,566,2021-01-29 21:12:02.360000000,100796,No,,No,No,No,No,Yes,No,,,
OG110FQ,Poso Creek,566,2021-01-29 21:17:03.003000000,173442,No,,No,No,No,No,Yes,No,,,
OG110FQ,Poso Creek,566,2021-02-01 17:57:09.550000000,277790,No,,No,No,No,No,Yes,No,,,
OG110FQ,Poso Creek,566,2021-02-17 00:25:07.480000000,210,No,,Yes,No,No,No,No,No,05,,
OG110FQ,Poso Creek,566,2021-02-17 00:29:53.893000000,210,No,,Yes,No,No,No,No,No,05,,
OG110FQ,Poso Creek,566,2021-02-17 00:36:24.347000000,210,No,,Yes,No,No,No,No,No,05,,
OG110FQ,Poso Creek,566,2021-02-17 00:43:40.337000000,210,No,,Yes,No,No,No,No,No,05,,
OG110FQ,Poso Creek,566,2021-03-31 21:06:59.670000000,146764,No,,Yes,No,No,No,No,No,05,,
OG110FQ,Poso Creek,566,2021-03-31 21:19:30.013000000,54555,No,,Yes,No,No,No,No,No,05,,
OG110FQ,Poso Creek,566,2021-03-31 21:53:46.707000000,35434,No,,Yes,No,No,No,No,No,05,,
OG110FQ,Poso Creek,566,2021-03-31 22:00:33.040000000,186618,No,,Yes,No,No,No,No,No,05,,
OG110FQ,Pyramid Hills,578,2020-04-30 16:40:59.740000000,2070,No,,Yes,No,No,No,No,No,05,,
OG110FQ,Pyramid Hills,578,2020-04-30 16:40:59.740000000,2083,No,,Yes,No,No,No,No,No,05,,
OG110FQ,Pyramid Hills,578,2020-07-31 20:18:29.343000000,2070,No,,Yes,No,No,No,No,No,05,,
OG110FQ,Pyramid Hills,578,2020-07-31 20:18:29.343000000,2083,No,,Yes,No,No,No,No,No,05,,
OG110FQ,Pyramid Hills,578,2020-10-30 20:18:52.820000000,2083,No,,Yes,No,No,No,No,No,05,,
OG110FQ,Pyramid Hills,578,2021-02-01 02:53:14.177000000,2083,No,,Yes,No,No,No,No,No,05,,
OG110FQ,Raisin City,584,2020-04-14 02:16:47.410000000,224503,No,,Yes,No,No,No,No,No,05,,
OG110FQ,Raisin City,584,2020-08-08 00:41:42.930000000,252344,No,,Yes,No,No,No,No,No,05,,
OG110FQ,Raisin City,584,2021-01-17 03:19:29.283000000,214537,No,,Yes,No,No,No,No,No,05,,
OG110FQ,Raisin City,584,2021-01-17 03:37:34.583000000,214580,No,,Yes,No,No,No,No,No,05,,
OG110FQ,Ramona,586,2020-04-13 21:10:00.670000000,,No,,No,No,No,No,No,No,,,
OG110FQ,Ramona,586,2020-06-03 19:14:17.357000000,,No,,No,No,No,No,No,No,,,
OG110FQ,Ramona,586,2020-07-24 21:02:03.427000000,,No,,No,No,No,No,No,No,,,
OG110FQ,Ramona,586,2020-08-08 19:06:22.250000000,,No,,No,No,No,No,No,No,,,
OG110FQ,Ramona,586,2020-10-06 21:05:47.163000000,,No,,No,No,No,No,No,No,,,
OG110FQ,Ramona,586,2020-11-13 03:08:07.850000000,,No,,No,No,No,No,No,No,,,
OG110FQ,Ramona,586,2021-01-18 18:01:29.130000000,,No,,No,No,No,No,No,No,,,
OG110FQ,Ramona,586,2021-01-22 06:56:42.797000000,,No,,No,No,No,No,No,No,,,
OG110FQ,Rice Creek Gas,596,2020-10-07 00:00:11.860000000,,No,,No,No,No,No,No,No,,,
OG110FQ,Rice Creek Gas,596,2020-10-07 00:02:11.753000000,,No,,No,No,No,No,No,No,,,
OG110FQ,Rice Creek Gas,596,2021-01-16 00:31:32.870000000,,No,,No,No,No,No,No,No,,,
OG110FQ,Rice Creek Gas,596,2021-01-20 15:42:26.940000000,,No,,No,No,No,No,No,No,,,
OG110FQ,Rice Creek  East  Gas,597,2020-10-07 00:00:11.907000000,,No,,No,No,No,No,No,No,,,
OG110FQ,Rice Creek  East  Gas,597,2020-10-07 00:02:11.800000000,,No,,No,No,No,No,No,No,,,
OG110FQ,Rice Creek  East  Gas,597,2021-01-16 00:31:32.917000000,,No,,No,No,No,No,No,No,,,
OG110FQ,Rice Creek  East  Gas,597,2021-01-20 15:42:27,,No,,No,No,No,No,No,No,,,
OG110FQ,Richfield,598,2021-01-19 20:47:51.943000000,46923,No,,Yes,No,No,No,No,No,05,,
OG110FQ,Richfield,598,2021-01-19 20:51:51.980000000,131030,No,,Yes,No,No,No,No,No,05,,
OG110FQ,Richfield,598,2021-01-19 20:54:07.560000000,83042,No,,Yes,No,No,No,No,No,05,,
OG110FQ,Richfield,598,2021-03-04 07:43:25.463000000,,No,,No,No,No,No,No,No,,,
OG110FQ,Riverdale,614,2020-04-14 02:16:47.457000000,,No,,No,No,No,No,No,No,,,
OG110FQ,Riverdale,614,2020-08-08 00:41:42.977000000,800,No,,Yes,No,No,No,No,No,05,,
OG110FQ,Riverdale,614,2021-01-17 03:19:29.330000000,,No,,No,No,No,No,No,No,,,
OG110FQ,Riverdale,614,2021-01-17 03:37:34.630000000,,No,,No,No,No,No,No,No,,,
OG110FQ,Rosecrans,618,2020-04-29 16:22:35.860000000,6983,No,,Yes,No,No,No,No,No,04,,
OG110FQ,Rosecrans,618,2020-08-14 18:55:01.993000000,6373,No,,Yes,No,No,No,No,No,04,,
OG110FQ,Rosecrans,618,2020-11-11 23:35:58.890000000,3671,No,,Yes,No,No,No,No,No,04,,
OG110FQ,Rosecrans,618,2021-02-03 22:02:58.657000000,3729,No,,Yes,No,No,No,No,No,04,,
OG110FQ,Rosecrans  South,622,2020-05-01 02:36:26.297000000,,No,,No,No,No,No,No,No,,,
OG110FQ,Rosecrans  South,622,2020-07-22 20:37:44.557000000,,No,,No,No,No,No,No,No,,,
OG110FQ,Rosecrans  South,622,2020-10-31 00:26:06.020000000,,No,,No,No,No,No,No,No,,,
OG110FQ,Rosecrans  South,622,2021-01-31 00:05:08.120000000,,No,,No,No,No,No,No,No,,,
OG110FQ,Rosedale,624,2020-04-29 19:20:00.947000000,,No,,No,No,No,No,No,No,,,
OG110FQ,Rosedale,624,2020-05-24 22:00:28.757000000,958,No,,No,No,No,No,No,No,05,,
OG110FQ,Rosedale,624,2020-07-27 16:50:07.227000000,,No,,No,No,No,No,No,No,,,
OG110FQ,Rosedale,624,2020-10-21 20:51:29.760000000,,No,,No,No,No,No,No,No,,,
OG110FQ,Rosedale,624,2020-10-22 16:40:28.407000000,1014,No,,No,No,No,No,No,No,05,,
OG110FQ,Rosedale,624,2021-01-18 22:16:54.913000000,,No,,No,No,No,No,No,No,,,
OG110FQ,Rosedale,624,2021-01-28 22:59:32.763000000,,No,,No,No,No,No,No,No,,,
OG110FQ,Rosedale Ranch,626,2020-05-11 20:47:23.360000000,8934,No,,Yes,No,No,No,No,No,05,,
OG110FQ,Rosedale Ranch,626,2020-12-24 17:27:43.440000000,7031,No,,Yes,No,No,No,No,No,05,,
OG110FQ,Rosedale Ranch,626,2020-12-24 18:28:48.523000000,12421,No,,Yes,No,No,No,No,No,05,,
OG110FQ,Rosedale Ranch,626,2021-01-28 16:07:16.523000000,11700,No,,Yes,No,No,No,No,No,05,,
OG110FQ,Round Mountain,628,2020-06-03 21:10:10.743000000,40308,No,,Yes,No,No,No,No,No,,,
OG110FQ,Round Mountain,628,2020-09-08 19:21:45.460000000,31865,No,,Yes,No,No,No,No,No,,,
OG110FQ,Round Mountain,628,2021-02-17 23:04:37.253000000,51145,No,,Yes,No,No,No,No,No,,,
OG110FQ,Round Mountain,628,2021-02-17 23:39:25.337000000,36834,No,,Yes,No,No,No,No,No,,,
OG110FQ,Sacramento Airport Gas,636,2020-05-04 15:55:20.370000000,,No,,No,No,No,No,No,No,,,
OG110FQ,Sacramento Airport Gas,636,2020-12-11 22:24:10.030000000,,No,,No,No,No,No,No,No,,,
OG110FQ,Sacramento Airport Gas,636,2020-12-11 22:34:10.710000000,,No,,No,No,No,No,No,No,,,
OG110FQ,Sacramento Airport Gas,636,2021-02-01 23:51:56.943000000,,No,,No,No,No,No,No,No,,,
OG110FQ,San Ardo,644,2020-04-17 20:08:47.147000000,,No,,No,No,No,No,No,No,,,
OG110FQ,San Ardo,644,2020-05-01 06:49:25.877000000,320,Yes,,No,Yes,No,No,No,No,08,,
OG110FQ,San Ardo,644,2020-05-01 06:49:25.877000000,41000,No,,No,No,Yes,No,No,No,05,,
OG110FQ,San Ardo,644,2020-05-01 06:49:25.877000000,41000,No,,Yes,No,No,No,No,No,05,,
OG110FQ,San Ardo,644,2020-05-07 20:58:02.593000000,,No,,No,No,No,No,No,No,,,
OG110FQ,San Ardo,644,2020-07-28 18:59:57,320,Yes,,No,Yes,No,No,No,No,08,,
OG110FQ,San Ardo,644,2020-07-28 18:59:57,41000,No,,No,No,Yes,No,No,No,05,,
OG110FQ,San Ardo,644,2020-07-28 18:59:57,41000,No,,Yes,No,No,No,No,No,05,,
OG110FQ,San Ardo,644,2020-08-06 21:13:26.587000000,,No,,No,No,No,No,No,No,,,
OG110FQ,San Ardo,644,2020-11-04 00:30:24.490000000,,No,,No,No,No,No,No,No,,,
OG110FQ,San Ardo,644,2020-11-05 16:53:36.303000000,320,Yes,,No,Yes,No,No,No,No,08,,
OG110FQ,San Ardo,644,2020-11-05 16:53:36.303000000,41000,No,,No,No,Yes,No,No,No,05,,
OG110FQ,San Ardo,644,2020-11-05 16:53:36.303000000,41000,No,,Yes,No,No,No,No,No,05,,
OG110FQ,San Ardo,644,2021-01-26 17:43:39.157000000,320,Yes,,No,Yes,No,No,No,No,08,,
OG110FQ,San Ardo,644,2021-01-26 17:43:39.157000000,41000,No,,No,No,Yes,No,No,No,05,,
OG110FQ,San Ardo,644,2021-01-26 17:43:39.157000000,41000,No,,Yes,No,No,No,No,No,05,,
OG110FQ,San Ardo,644,2021-02-09 23:50:36.043000000,,No,,No,No,No,No,No,No,,,
OG110FQ,San Joaquin,654,2020-04-13 20:27:27.430000000,,No,,No,No,No,No,No,No,,,
OG110FQ,San Joaquin,654,2020-08-06 23:00:34.737000000,,No,,No,No,No,No,No,No,,,
OG110FQ,San Joaquin,654,2021-01-17 04:46:36.620000000,,No,,No,No,No,No,No,No,,,
OG110FQ,San Joaquin,654,2021-01-17 04:51:21.683000000,,No,,No,No,No,No,No,No,,,
OG110FQ,Sansinena,660,2020-04-24 14:30:31.810000000,43016,No,,Yes,No,No,No,No,No,05,,
OG110FQ,Sansinena,660,2020-07-16 16:00:26.347000000,30197,No,,Yes,No,No,No,No,No,05,,
OG110FQ,Sansinena,660,2020-10-21 13:49:52.380000000,49050,No,,Yes,No,No,No,No,No,05,,
OG110FQ,Sansinena,660,2021-01-26 16:25:49.557000000,52383,No,,Yes,No,No,No,No,No,05,,
OG110FQ,Santa Fe Springs,666,2020-05-30 15:54:15.147000000,,No,,No,No,No,No,No,No,,,
OG110FQ,Santa Fe Springs,666,2020-07-31 18:24:53.077000000,,No,,No,No,No,No,No,No,,,
OG110FQ,Santa Fe Springs,666,2020-11-09 19:52:03.490000000,,No,,No,No,No,No,No,No,,,
OG110FQ,Santa Maria Valley,668,2020-04-16 00:17:14.327000000,,No,,No,No,No,No,No,No,,,
OG110FQ,Santa Maria Valley,668,2020-07-24 18:06:26.383000000,,No,,No,No,No,No,No,No,,,
OG110FQ,Santa Maria Valley,668,2020-10-19 15:17:57.727000000,,No,,No,No,No,No,No,No,,,
OG110FQ,Santa Maria Valley,668,2020-11-12 21:30:51.457000000,1082,No,,Yes,No,No,No,No,No,07,,
OG110FQ,Santa Maria Valley,668,2020-11-12 21:30:51.457000000,11403,No,,Yes,No,No,No,No,No,05,,
OG110FQ,Santa Maria Valley,668,2020-11-12 21:35:21.700000000,2969,No,,Yes,No,No,No,No,No,05,,
OG110FQ,Santa Maria Valley,668,2020-12-29 23:57:10.317000000,6746,No,,Yes,No,No,No,No,No,05,,
OG110FQ,Santa Maria Valley,668,2021-01-19 20:47:52.007000000,35416,No,,Yes,No,No,No,No,No,05,,
OG110FQ,Santa Maria Valley,668,2021-01-19 20:51:52.013000000,,No,,No,No,No,No,No,No,,,
OG110FQ,Santa Maria Valley,668,2021-01-19 20:54:07.607000000,,No,,No,No,No,No,No,No,,,
OG110FQ,Santa Maria Valley,668,2021-01-21 03:21:38.423000000,,No,,No,No,No,No,No,No,,,
OG110FQ,Seal Beach,688,2020-04-30 21:50:09.760000000,,No,,No,No,No,No,No,No,,,
OG110FQ,Seal Beach,688,2020-05-05 16:55:59.660000000,,No,,No,No,No,No,No,No,,,
OG110FQ,Seal Beach,688,2020-07-24 16:48:41.680000000,,No,,No,No,No,No,No,No,,,
OG110FQ,Seal Beach,688,2020-07-30 16:37:39.233000000,,No,,No,No,No,No,No,No,,,
OG110FQ,Seal Beach,688,2020-10-09 20:11:12.940000000,,No,,No,No,No,No,No,No,,,
OG110FQ,Seal Beach,688,2020-10-30 16:24:42.343000000,,No,,No,No,No,No,No,No,,,
OG110FQ,Seal Beach,688,2020-11-10 18:12:05.400000000,,No,,No,No,No,No,No,No,,,
OG110FQ,Seal Beach,688,2020-11-10 19:53:32.790000000,,No,,No,No,No,No,No,No,,,
OG110FQ,Seal Beach,688,2020-11-10 20:16:03.817000000,,No,,No,No,No,No,No,No,,,
OG110FQ,Seal Beach,688,2021-01-25 16:36:19.357000000,,No,,No,No,No,No,No,No,,,
OG110FQ,Seal Beach,688,2021-01-29 16:23:29.860000000,,No,,No,No,No,No,No,No,,,
OG110FQ,Seal Beach,688,2021-02-03 17:48:59.043000000,,No,,No,No,No,No,No,No,,,
OG110FQ,Sespe,694,2020-06-04 01:09:58.157000000,,No,,No,No,No,No,No,No,,,
OG110FQ,Sespe,694,2020-08-09 20:59:30.600000000,,No,,No,No,No,No,No,No,,,
OG110FQ,Sespe,694,2020-11-13 02:09:20.730000000,,No,,No,No,No,No,No,No,,,
OG110FQ,Sespe,694,2021-01-22 05:47:48.023000000,,No,,No,No,No,No,No,No,,,
OG110FQ,Shiells Canyon,708,2020-06-04 01:09:58.200000000,,No,,No,No,No,No,No,No,,,
OG110FQ,Shiells Canyon,708,2020-08-09 20:59:30.650000000,,No,,No,No,No,No,No,No,,,
OG110FQ,Shiells Canyon,708,2020-11-13 02:09:20.773000000,,No,,No,No,No,No,No,No,,,
OG110FQ,Shiells Canyon,708,2021-01-22 05:47:48.083000000,,No,,No,No,No,No,No,No,,,
OG110FQ,South Mountain,714,2020-04-30 21:50:09.807000000,,No,,No,No,No,No,No,No,,,
OG110FQ,South Mountain,714,2020-07-30 16:37:39.280000000,,No,,No,No,No,No,No,No,,,
OG110FQ,South Mountain,714,2020-10-30 16:24:42.373000000,,No,,No,No,No,No,No,No,,,
OG110FQ,South Mountain,714,2021-01-29 16:23:29.907000000,,No,,No,No,No,No,No,No,,,
OG110FQ,Stockdale,716,2020-05-11 20:47:23.410000000,,No,,No,No,No,No,No,No,,,
OG110FQ,Stockdale,716,2020-12-24 17:27:43.500000000,,No,,No,No,No,No,No,No,,,
OG110FQ,Stockdale,716,2020-12-24 18:28:48.630000000,,No,,No,No,No,No,No,No,,,
OG110FQ,Stockdale,716,2021-01-28 16:07:16.570000000,,No,,No,No,No,No,No,No,,,
OG110FQ,Strand,720,2020-06-06 23:39:51.207000000,,No,,No,No,No,No,No,No,,,
OG110FQ,Strand,720,2021-01-18 22:16:54.960000000,,No,,No,No,No,No,No,No,,,
OG110FQ,Strand,720,2021-02-25 17:05:19.053000000,,No,,No,No,No,No,No,No,,,
OG110FQ,Strand,720,2021-02-25 17:07:04.223000000,,No,,No,No,No,No,No,No,,,
OG110FQ,Strand,720,2021-02-25 17:08:34.190000000,,No,,No,No,No,No,No,No,,,
OG110FQ,Sugarfield Gas,721,2020-05-04 15:55:20.433000000,,No,,No,No,No,No,No,No,,,
OG110FQ,Sugarfield Gas,721,2020-12-11 22:24:10.090000000,,No,,No,No,No,No,No,No,,,
OG110FQ,Sugarfield Gas,721,2020-12-11 22:34:10.753000000,,No,,No,No,No,No,No,No,,,
OG110FQ,Sugarfield Gas,721,2021-02-01 23:51:56.990000000,,No,,No,No,No,No,No,No,,,
OG110FQ,Tapia,742,2020-05-14 22:31:22.033000000,,No,,No,No,No,No,No,No,,,
OG110FQ,Tapia,742,2021-01-14 08:35:31.730000000,,No,,No,No,No,No,No,No,,,
OG110FQ,Tapia,742,2021-01-15 21:27:03.397000000,,No,,No,No,No,No,No,No,,,
OG110FQ,Tapia,742,2021-02-17 08:33:11.977000000,,No,,No,No,No,No,No,No,,,
OG110FQ,Tejon,752,2021-02-12 23:01:17.507000000,47840,No,,Yes,No,No,No,No,No,05,,
OG110FQ,Tejon,752,2021-02-12 23:04:17.727000000,40988,No,,Yes,No,No,No,No,No,05,,
OG110FQ,Tejon,752,2021-02-12 23:06:32.730000000,5535,No,,Yes,No,No,No,No,No,05,,
OG110FQ,Tejon,752,2021-02-12 23:09:02.840000000,56979,No,,Yes,No,No,No,No,No,05,,
OG110FQ,Ten Section,766,2020-04-29 19:20:01.010000000,11254,No,,Yes,No,No,No,No,No,05,,
OG110FQ,Ten Section,766,2020-06-06 23:39:51.253000000,7522,No,,No,No,No,No,No,No,05,,
OG110FQ,Ten Section,766,2020-07-27 16:50:07.273000000,7739,No,,Yes,No,No,No,No,No,05,,
OG110FQ,Ten Section,766,2020-10-21 20:51:29.810000000,11405,No,,Yes,No,No,No,No,No,05,,
OG110FQ,Ten Section,766,2021-01-28 22:59:32.810000000,18134,No,,Yes,No,No,No,No,No,05,,
OG110FQ,Ten Section,766,2021-02-25 17:05:19.100000000,9618,No,,No,No,No,No,No,No,05,,
OG110FQ,Ten Section,766,2021-02-25 17:07:04.257000000,8216,No,,No,No,No,No,No,No,05,,
OG110FQ,Ten Section,766,2021-02-25 17:08:34.223000000,6056,No,,No,No,No,No,No,No,05,,
OG110FQ,Torrance,782,2020-04-29 16:22:35.903000000,2642,No,,Yes,No,No,No,No,No,05,,
OG110FQ,Torrance,782,2020-04-29 21:54:28.750000000,8991,No,,No,Yes,No,No,No,No,05,,
OG110FQ,Torrance,782,2020-04-29 21:54:28.750000000,8991,No,,Yes,No,No,No,No,No,05,,
OG110FQ,Torrance,782,2020-05-01 02:36:26.343000000,,No,,No,No,No,No,No,No,,,
OG110FQ,Torrance,782,2020-07-22 20:37:44.587000000,,No,,No,No,No,No,No,No,,,
OG110FQ,Torrance,782,2020-07-31 21:03:31.317000000,15382,No,,No,Yes,No,No,No,No,05,,
OG110FQ,Torrance,782,2020-07-31 21:03:31.317000000,15382,No,,Yes,No,No,No,No,No,05,,
OG110FQ,Torrance,782,2020-08-14 18:55:02.043000000,1870,No,,Yes,No,No,No,No,No,05,,
OG110FQ,Torrance,782,2020-10-31 00:26:06.070000000,,No,,No,No,No,No,No,No,,,
OG110FQ,Torrance,782,2020-11-02 22:57:19.363000000,14594,No,,No,Yes,No,No,No,No,05,,
OG110FQ,Torrance,782,2020-11-02 22:57:19.363000000,14594,No,,Yes,No,No,No,No,No,05,,
OG110FQ,Torrance,782,2020-11-11 23:35:58.997000000,2165,No,,Yes,No,No,No,No,No,05,,
OG110FQ,Torrance,782,2021-01-28 22:50:14.570000000,15308,No,,No,Yes,No,No,No,No,05,,
OG110FQ,Torrance,782,2021-01-28 22:50:14.570000000,15308,No,,Yes,No,No,No,No,No,05,,
OG110FQ,Torrance,782,2021-01-31 00:05:08.173000000,,No,,No,No,No,No,No,No,,,
OG110FQ,Torrance,782,2021-02-03 22:02:58.703000000,2392,No,,Yes,No,No,No,No,No,05,,
OG110FQ,Union Avenue,798,2020-05-07 20:58:02.647000000,,No,,No,No,No,No,No,No,,,
OG110FQ,Union Avenue,798,2020-08-06 21:13:26.643000000,,No,,No,No,No,No,No,No,,,
OG110FQ,Union Avenue,798,2020-11-04 00:30:24.537000000,,No,,No,No,No,No,No,No,,,
OG110FQ,Union Avenue,798,2021-02-09 23:50:36.087000000,,No,,No,No,No,No,No,No,,,
OG110FQ,Van Ness Slough,809,2020-05-11 20:47:23.460000000,,No,,No,No,No,No,No,No,,,
OG110FQ,Van Ness Slough,809,2020-12-24 17:27:43.563000000,,No,,No,No,No,No,No,No,,,
OG110FQ,Van Ness Slough,809,2020-12-24 18:28:48.740000000,,No,,No,No,No,No,No,No,,,
OG110FQ,Van Ness Slough,809,2021-01-28 16:07:16.600000000,,No,,No,No,No,No,No,No,,,
OG110FQ,Ventura,814,2020-05-01 06:49:25.947000000,25150,Yes,,No,No,No,No,No,No,08,,
OG110FQ,Ventura,814,2020-05-01 06:49:25.947000000,68000,No,,Yes,No,No,No,No,No,05,,
OG110FQ,Ventura,814,2020-07-28 18:59:57.047000000,25150,Yes,,No,No,No,No,No,No,08,,
OG110FQ,Ventura,814,2020-07-28 18:59:57.047000000,68000,No,,Yes,No,No,No,No,No,05,,
OG110FQ,Ventura,814,2020-11-05 16:53:36.333000000,25150,Yes,,No,No,No,No,No,No,08,,
OG110FQ,Ventura,814,2020-11-05 16:53:36.333000000,68000,No,,Yes,No,No,No,No,No,05,,
OG110FQ,Ventura,814,2021-01-26 17:43:39.220000000,25150,Yes,,No,No,No,No,No,No,08,,
OG110FQ,Ventura,814,2021-01-26 17:43:39.220000000,68000,No,,Yes,No,No,No,No,No,05,,
OG110FQ,Walnut,820,2020-04-13 21:17:46.210000000,,No,,No,No,No,No,No,No,,,
OG110FQ,Walnut,820,2020-07-09 22:46:30.707000000,,No,,No,No,No,No,No,No,,,
OG110FQ,Walnut,820,2020-10-14 21:10:44.520000000,,No,,No,No,No,No,No,No,,,
OG110FQ,Walnut,820,2021-01-11 21:05:55.767000000,,No,,No,No,No,No,No,No,,,
OG110FQ,Wayside Canyon,824,2021-02-20 07:34:37.637000000,,No,,No,No,No,No,No,No,,,
OG110FQ,Wayside Canyon,824,2021-02-20 07:55:08.233000000,,No,,No,No,No,No,No,No,,,
OG110FQ,Wayside Canyon,824,2021-02-20 08:16:38.660000000,,No,,No,No,No,No,No,No,,,
OG110FQ,Wayside Canyon,824,2021-02-20 08:35:39.197000000,,No,,No,No,No,No,No,No,,,
OG110FQ,Wheeler Ridge,832,2020-05-11 20:47:23.510000000,,No,,No,No,No,No,No,No,,,
OG110FQ,Wheeler Ridge,832,2020-12-24 17:27:43.610000000,,No,,No,No,No,No,No,No,,,
OG110FQ,Wheeler Ridge,832,2020-12-24 18:28:48.850000000,,No,,No,No,No,No,No,No,,,
OG110FQ,Wheeler Ridge,832,2021-01-28 16:07:16.650000000,,No,,No,No,No,No,No,No,,,
OG110FQ,White Wolf,834,2020-04-29 19:20:01.057000000,,No,,No,No,No,No,No,No,,,
OG110FQ,White Wolf,834,2020-07-27 16:50:07.320000000,,No,,No,No,No,No,No,No,,,
OG110FQ,White Wolf,834,2020-10-21 20:51:29.857000000,,No,,No,No,No,No,No,No,,,
OG110FQ,White Wolf,834,2021-01-28 22:59:32.857000000,,No,,No,No,No,No,No,No,,,
OG110FQ,Whittier,836,2020-04-24 14:30:31.860000000,29165,No,,Yes,No,No,No,No,No,04,,
OG110FQ,Whittier,836,2020-07-16 16:00:26.377000000,49417,No,,Yes,No,No,No,No,No,04,,
OG110FQ,Whittier,836,2020-10-21 13:49:52.423000000,50320,No,,Yes,No,No,No,No,No,04,,
OG110FQ,Whittier,836,2021-01-26 16:25:49.667000000,49663,No,,Yes,No,No,No,No,No,04,,
OG110FQ,Wild Goose Gas,840,2020-04-20 00:04:02.407000000,110,No,,No,No,No,No,No,No,05,,
OG110FQ,Wild Goose Gas,840,2020-07-28 13:50:07.980000000,2,No,,No,No,No,No,No,No,05,,
OG110FQ,Wild Goose Gas,840,2020-10-29 17:50:12.003000000,1,No,,No,No,No,No,No,No,05,,
OG110FQ,Wild Goose Gas,840,2021-01-26 16:29:33.657000000,2,No,,No,No,No,No,No,No,05,,
OG110FQ,Willows-Beehive Bend Gas,846,2020-04-30 21:50:09.853000000,,No,,No,No,No,No,No,No,,,
OG110FQ,Willows-Beehive Bend Gas,846,2020-07-30 16:37:39.323000000,,No,,No,No,No,No,No,No,,,
OG110FQ,Willows-Beehive Bend Gas,846,2020-10-30 16:24:42.420000000,,No,,No,No,No,No,No,No,,,
OG110FQ,Willows-Beehive Bend Gas,846,2021-01-29 16:23:29.950000000,,No,,No,No,No,No,No,No,,,
OG110FQ,Wilmington,849,2020-04-29 16:22:35.947000000,5460,No,,Yes,No,No,No,No,No,04,,
OG110FQ,Wilmington,849,2020-08-14 18:55:02.090000000,5460,No,,Yes,No,No,No,No,No,04,,
OG110FQ,Wilmington,849,2020-11-11 23:35:59.097000000,5520,No,,Yes,No,No,No,No,No,04,,
OG110FQ,Wilmington,849,2021-02-03 22:02:58.750000000,5520,No,,Yes,No,No,No,No,No,04,,
OG110FQ,Yorba Linda (ABD),856,2020-05-01 06:49:25.993000000,,No,,No,No,No,No,No,No,,,
OG110FQ,Yorba Linda (ABD),856,2020-07-28 18:59:57.093000000,,No,,No,No,No,No,No,No,,,
OG110FQ,Yorba Linda (ABD),856,2020-11-05 16:53:36.380000000,,No,,No,No,No,No,No,No,,,
OG110FQ,Yorba Linda (ABD),856,2021-01-26 17:43:39.250000000,,No,,No,No,No,No,No,No,,,
OG110FQ,Zaca,860,2021-01-10 20:23:28.327000000,,No,,No,No,No,No,No,No,,,
OG110FQ,Zaca,860,2021-01-19 20:47:52.053000000,54316,No,,Yes,No,No,No,No,No,05,,
OG110FQ,Zaca,860,2021-01-19 20:51:52.060000000,351122,No,,Yes,No,No,No,No,No,05,,
OG110FQ,Zaca,860,2021-01-19 20:54:07.653000000,988472,No,,Yes,No,No,No,No,No,05,,
